,phyla_ID,uf_id,family,taxon,genus,species,id_confidence,accession_ID,previous_numbers,station_number,continent_ocean,country_archipelago,primary_subdivision,secondary_subdivision,locality,localityToUse,latitude,longitude,newLat,newLong,fixatives,preservatives,collector,collection_method,year_collected,month_collected,day_collected,yr_coll_precision,month_coll_precision,day_coll_precision,habitat,microhabitat,depth,depth2,units,type_description,specimen_notes,on_loan,class_
17,2,919,Synaptidae,Synaptula,Synaptula,,,0,,BSULA-003-2,Pacific Ocean,Indonesia,Sulawesi Island,,"Sulawesi, Lembeh Straights, off Bitung, Angels Window Dive Site","Bitung, Sulawesi",NA,NA,NA,NA,,75% ethanol,"Paulay, G.",,2000,9,16,0,0,0,,,20,NA,meters,,,,Holothuroidea
18,2,1409,Synaptidae,Synaptula,Synaptula,,,594,,BSULA-040-2,Pacific Ocean,Indonesia,Sulawesi Island,,"Sulawesi, Inner Part of Small Bay With Small Village",Sulawesi,NA,NA,NA,NA,,75% ethanol,"Paulay, G.",,1999,9,23,0,0,0,small bay,,1,7,meters,,,,Holothuroidea
23,2,56,Holothuriidae,Holothuria hawaiiensis,Holothuria,hawaiiensis,,0,,56-4,Pacific Ocean,USA,Hawaiian Islands,Maui Island,Kapalua Bay,Kapalua Bay,NA,NA,NA,NA,80% ethanol,75% ethanol,"Pittman, C.",,1,8,2,0,0,0,,under rock,2,6,meters,,,,Holothuroidea
25,2,2696,Synaptidae,Synaptidae,Synaptidae,,,0,BOMAN-001,GP-Loc-650,Indian Ocean,Oman,,,"Al Bustan Resort, S of Muscat","Al Bustan, Muscat",NA,NA,NA,NA,,95% ethanol,"Paulay, G.",,1999,10,29,0,0,0,nearshore rock & coral outcrops,under rocks,0,5,meters,,,,Holothuroidea
26,2,1375,Holothuriidae,Holothuria insignis,Holothuria,insignis,,594,BOMAN-002,GP-Loc-651,Indian Ocean,Oman,,,Bandar Kharyan,23.50139°N 58.73250°E,NA,NA,NA,NA,,75% ethanol,"Paulay, G.",,1999,10,31,0,0,0,reef slope,under rocks and coral,1,5,meters,,,,Holothuroidea
30,2,1794,Holothuriidae,Holothuria albofusca,Holothuria,albofusca,,0,BOMAN-010,GP-Loc-654,Indian Ocean,Oman,,,"Masirah Island, Ca. 500 Meters from Shore off Southeast Corner of Masirah",Masirah Island,NA,NA,NA,NA,formalin,75% ethanol,"Paulay, G.",,1999,11,4,0,0,0,rocky bottom,under rocks,8,12,meters,,,,Holothuroidea
31,2,1960,Sclerodactylidae,Cladolabes bifurcatus,Cladolabes,bifurcatus,,0,BOMAN-012,GP-Loc-655,Indian Ocean,Oman,,,"Masirah Island, Just South of Shaghaf Village, West Masirah",Masirah Island,NA,NA,NA,NA,10% formalin,75% ethanol,"Paulay, G.",,1999,11,4,0,0,0,"rubble, rocks and corals",under rocks,6,8,meters,,,,Holothuroidea
32,2,73,Holothuriidae,Holothuria insignis,Holothuria,insignis,,594,BOMAN-014,GP-Loc-657,Indian Ocean,Oman,,,"Masirah Island, South-southwest Coast, 1-2 Kilometers N of Camp",Masirah Island,NA,NA,NA,NA,,75% ethanol,"Paulay, G.",,1999,11,5,0,0,0,rocky coast,under rocks,NA,NA,,,,,Holothuroidea
33,2,986,Holothuriidae,Labidodemas,Labidodemas,,,0,BOMAN-021,GP-Loc-660,Indian Ocean,Oman,,,"Masirah Island, 2-3 Kilometers Offshore of Southeast Tip of Masirah",Masirah Island,NA,NA,NA,NA,,75% ethanol,"Paulay, G.",,1999,11,6,0,0,0,"rocky rubble & sand, few corals",under rocks,11,16,meters,,,,Holothuroidea
34,2,1114,Sclerodactyllidae,Ohshimella ehrenbergii,Ohshimella,ehrenbergii,,0,BOMAN-025,GP-Loc-663,Indian Ocean,Oman,,,"Masirah Island, offshore Rocky Outcrops off Southwest Coast",Masirah Island,NA,NA,NA,NA,,75% ethanol,"Paulay, G.",,1999,11,7,0,0,0,fore reef and backreef,under rocks,0,5,meters,,,,Holothuroidea
35,2,4079,Cucumariidae,Trachasina crucifera,Trachasina,crucifera,,0,BOMAN-027,GP-Loc-665,Indian Ocean,Oman,,,"Masirah Island, 2 to 4 km S of SE Tip of Island",Masirah Island,NA,NA,NA,NA,,95% ethanol,"Paulay, G.",,1999,11,8,0,0,0,coarse sand and rocks,,20,22,meters,,,,Holothuroidea
36,2,1985,Holothuriidae,Holothuria insignis,Holothuria,insignis,,0,BOMAN-034,GP-Loc-669,Indian Ocean,Oman,,,"Masirah Island, Oyster Islands off W Masirah",Masirah Island,NA,NA,NA,NA,,75% ethanol,"Paulay, G.",,1999,11,11,0,0,0,"rocks, coral and sand",,0,6,meters,,,,Holothuroidea
49,2,11092,Synaptidae,Synapta maculata,Synapta,maculata,,985,X056,ZZZ-024286,,France,Mascarene Islands,Reunion Island,,St Gilles,NA,NA,NA,NA,,75% ethanol,"Thierry Hoareau, Emilie Boissin",,2011,8,NA,0,0,NA,,,NA,NA,,,,,Holothuroidea
59,2,5951,Holothuriidae,Holothuria glaberrima,Holothuria,glaberrima,,503,,R-0129,,Honduras,Islas de la Bahia Dept.,,"Bay Islands, Guanaja Island","Bay Islands, Guanaja Island",NA,NA,NA,NA,,75% ethanol,E. H. Vokes & H. E. Vokes,,NA,NA,NA,NA,NA,NA,,,NA,NA,,,,,Holothuroidea
61,2,7112,Holothuriidae,Holothuria hilla,Holothuria,hilla,,800,,ZZZ-073307,,USA,Hawaiian Islands,Oahu Island,Kaneohe Bay,Kaneohe Bay,NA,NA,NA,NA,,75% ethanol,Sea McKeon,,2008,7,NA,0,0,NA,,,NA,NA,,,,,Holothuroidea
65,2,13264,Holothuriidae,Holothuria edulis,Holothuria,edulis,aff.,NA,,ZZZ-076087,,Republic of the Marshall Islands,Marshall Islands,Majuro Atoll,Majuro,Majuro,NA,NA,NA,NA,ethanol,75% ethanol,John Starmer,,2012,NA,NA,0,NA,NA,,,NA,NA,,,,,Holothuroidea
66,2,1748,Holothuriidae,Holothuria,Holothuria,,,0,,BNEC-006,Pacific Ocean,New Caledonia,New Caledonia,,"0.5 km N of Passe de Boulari, near Noumea",Noumea,NA,NA,NA,NA,,75% ethanol,"Paulay, G.",,1999,1,13,0,0,0,outer reef slope,under rocks,8,18,meters,,,,Holothuroidea
67,2,2002,Holothuriidae,Holothuria,Holothuria,,,0,,BNEC-008,Pacific Ocean,New Caledonia,New Caledonia,,"N side of Passe de Boulari, near Noumea",Noumea,NA,NA,NA,NA,,75% ethanol,"Paulay, G.",,1999,1,14,0,0,0,"patch reef, shoal",under rocks,2,14,meters,,,,Holothuroidea
68,2,975,Holothuriidae,Holothuria impatiens,Holothuria,impatiens,cf.,0,,BNEC-009,Pacific Ocean,New Caledonia,New Caledonia,,"Noumea, Ile Nou, Anse Kuendo","Ile Nou, Noumea",NA,NA,NA,NA,,75% ethanol,"Paulay, G.",,1999,1,26,0,0,0,"sand and reef slope, fringing rock",under rocks,0,3,meters,,,,Holothuroidea
69,2,2022,Sclerodactylidae,Afrocucumis africana,Afrocucumis,africana,,594,,BNEC-010,Pacific Ocean,New Caledonia,New Caledonia,,"Noumea, SE tip, SE of Mount Toro","Mount Toro, Noumea",NA,NA,NA,NA,,75% ethanol,"Paulay, G.",,1999,1,25,0,0,0,fringing reef flat and slope,under rocks,0,3,meters,,,,Holothuroidea
71,2,1952,Chiridotidae,Polycheira rufescens,Polycheira,rufescens,,594,,BNEC-012,Pacific Ocean,New Caledonia,New Caledonia,,"Baie de Prony, at Prony",Baie de Prony,NA,NA,NA,NA,,75% ethanol,"Paulay, G.",,1999,1,29,0,0,0,intertidal,under rocks,NA,NA,,,,,Holothuroidea
72,2,2355,Holothuriidae,Holothuria,Holothuria,,,0,,BNEC-015,Pacific Ocean,New Caledonia,New Caledonia,,"Baie de Prony, just on opposite side to a little N of Prony",Baie de Prony,NA,NA,NA,NA,,75% ethanol,"Paulay, G.",,1999,1,24,0,0,0,fringing reef,,0,6,meters,,,,Holothuroidea
73,2,2005,Sclerodactylidae,Afrocucumis africana,Afrocucumis,africana,,594,,BNEC-001,Pacific Ocean,New Caledonia,New Caledonia,,"Noumea, Baie de Citron","Baie des Citrons, Noumea",NA,NA,NA,NA,,75% ethanol,"Paulay, G.",,1999,1,1,0,0,0,fringing reef,sand,0.5,5,meters,,,,Holothuroidea
82,2,1569,Holothuriidae,Holothuria olivacea,Holothuria,olivacea,,673,,BTAI-001,,China,Taiwan,,"S Taiwan, Kenting Area, Shiangjianwan","Kenting, Taiwan",NA,NA,NA,NA,,75% ethanol,"Paulay, G.",,2000,10,28,0,0,0,fore reef of nearshore fringing reef,under rocks,3,8,meters,,,,Holothuroidea
83,2,1570,Synaptidae,Opheodesoma grisea,Opheodesoma,grisea,?,0,,BTAI-013,,China,Taiwan,,"S Taiwan, Kenting Area, Houpinu","Kenting, Taiwan",NA,NA,NA,NA,,75% ethanol,"Paulay, G.",,2000,10,28,0,0,0,rock and reef slope,,2,6,meters,,,,Holothuroidea
85,2,2473,,Dendrochirotida,Dendrochirotida,,,673,,BTAI-021,,China,Taiwan,,"N Taiwan, Tahsi Port",Taiwan,NA,NA,NA,NA,,75% ethanol,"Paulay, G.",,2000,11,3,0,0,0,,,NA,NA,,,,,Holothuroidea
105,2,326,Holothuriidae,Holothuria leucospilota,Holothuria,leucospilota,,0,,BRNG-045,Pacific Ocean,French Polynesia,Tuamotu Islands,Rangiroa Atoll,Hoa at E end of Tiputa and reef flat,"Tiputa, Rangiroa",NA,NA,NA,NA,,75% ethanol,"Meyer, C. P.",,2001,10,26,0,0,0,reef flat,under rocks,NA,NA,,,,,Holothuroidea
124,2,621,Chiridotidae,Chiridota,Chiridota,,,0,,BTIK-008,Pacific Ocean,French Polynesia,Tuamotu Islands,Tikehau Atoll,"Hoa at E end of Tuaherahera Motu and adjacent outer reef flat SE of Hoa, just off Ohotu Motu",Tuherahera,NA,NA,NA,NA,,95% ethanol,"Paulay, G.",,2001,7,10,0,0,0,outer reef flat and hoa entrance,under rocks,NA,NA,,,,,Holothuroidea
184,2,685,Stichopodidae,Stichopus horrens,Stichopus,horrens,?,617,,LAK-016B,Pacific Ocean,Fiji,Fiji Islands,Viti Levu Island,"Dennis Reef, Directly Offshore of Chinese Embassy",Chinese Embassy,NA,NA,NA,NA,,75% ethanol,"Kirkendale, L. & Bonito, V.",,2001,11,10,0,0,0,patch reef,under rocks,2,3,meters,,juvenile,,Holothuroidea
191,2,453,Stichopodidae,Stichopus horrens,Stichopus,horrens,,617,,LAK-016D,Pacific Ocean,Fiji,Fiji Islands,Viti Levu Island,"Dennis Reef, Directly Offshore of Chinese Embassy, Alongside Channel in Suva Harbor",Chinese Embassy,NA,NA,NA,NA,,95% ethanol,Victor Bonito,,2001,11,10,0,0,0,,in rock,2,3,meters,,,,Holothuroidea
193,2,682,Holothuriidae,Labidodemas semperianum,Labidodemas,semperianum,,617,,LAK-019A,Pacific Ocean,Fiji,Fiji Islands,Viti Levu Island,Along The West side of Mbusa Channel,Viti Levu,NA,NA,NA,NA,,75% ethanol,"Kirkendale, L.",,2001,10,26,0,0,0,,"under rock, in sand",12,15,meters,,,,Holothuroidea
212,2,1856,Holothuriidae,Holothuria lineata,Holothuria,lineata,,0,,GP-Loc-566,Pacific Ocean,Papua New Guinea,Milne Bay Province,,Louisiade Archipelago,Louisiade Archipelago,NA,NA,NA,NA,,75% ethanol,"Starmer, J.",,1998,6,3,0,0,0,inner end of barrier reef,under rock,1,NA,meters,,,,Holothuroidea
213,2,1329,Holothuriidae,Actinopyga lecanora,Actinopyga,lecanora,,594,,GP-Loc-570,Pacific Ocean,Papua New Guinea,Milne Bay Province,,"Louisiade Archipelago, East Tip of Long Reef",Louisiade Archipelago,NA,NA,NA,NA,,75% ethanol,"Paulay, G.",,1998,6,5,0,0,0,forereef cave,,NA,NA,,,,,Holothuroidea
214,2,11148,Stichopodidae,Stichopus ocellatus,Stichopus,ocellatus,,594,,GP-Loc-573,Pacific Ocean,Papua New Guinea,Milne Bay Province,,Alotau,Alotau,NA,NA,NA,NA,ethanol,75% ethanol,Gustav Paulay,,1998,6,7,0,0,0,fringing reef,,2,3,meters,,,,Holothuroidea
215,2,1320,Holothuriidae,Holothuria coluber,Holothuria,coluber,,0,,GP-Loc-607,Pacific Ocean,Palau,,,Malakal Sewer Outfall,,NA,NA,NA,NA,,dry,"Paulay, G.",,1999,7,26,0,0,0,,,NA,NA,,,,,Holothuroidea
221,2,608,Holothuriidae,Holothuria hilla,Holothuria,hilla,,0,,BRNG-027-2,Pacific Ocean,French Polynesia,Tuamotu Islands,Rangiroa Atoll,mid S Rim of Atoll,Rangiroa,NA,NA,NA,NA,,75% ethanol,"Paulay, G.",,2001,12,10,0,0,0,lagoonal reef flat,under rocks,0,2,meters,,,,Holothuroidea
222,2,2357,Synaptidae,Opheodesoma,Opheodesoma,,,594,,BPAL-059,Pacific Ocean,Palau,,,SW Tip of Uchelbeluu Reef,Uchelbeluu Reef,NA,NA,NA,NA,,75% ethanol,"Paulay, G.",,1996,5,28,0,0,0,short dropoff,on sponge,15,NA,meters,,,,Holothuroidea
223,2,2715,Cucumariidae,Plesiocolochirus,Plesiocolochirus,,,594,,BPAL-073,Pacific Ocean,Palau,,,"Ngeruktabel Island, near Kesebekuu Channel, entrance to Diego Tunnel",Ngeruktabel Island,NA,NA,NA,NA,,75% ethanol,"Paulay, G.",,1996,5,24,0,0,0,,,1,NA,meters,,,,Holothuroidea
224,2,1647,Holothuriidae,Holothuria,Holothuria,,,594,,BTON-030,Pacific Ocean,Tonga,Tonga Islands,,"Haapai, N end of Haano Island",Haapai,NA,NA,NA,NA,,75% ethanol,"Paulay, G.",,1996,11,11,0,0,0,moat,,0.5,1.5,meters,,,,Holothuroidea
227,2,1347,Holothuriidae,Holothuria arenicola,Holothuria,arenicola,,594,,BMAUI-011,Pacific Ocean,USA,Hawaiian Islands,Maui Island,Ahihi Kinau Preserve,Ahihi Kinau,NA,NA,NA,NA,,75% ethanol,"Paulay, G.",,1997,10,31,0,0,0,,,12,25,meters,,,,Holothuroidea
228,2,4600,Holothuriidae,Labidodemas pertinax,Labidodemas,pertinax,,0,,LAK-071,Indian Ocean,Australia,Christmas Island,Christmas Island,"Christmas Island, N Coast, 0.2 km E of Thundercliff Cave, Just Outside of Thunderdome Cave",Christmas Island,NA,NA,NA,NA,,80% ethanol,"Kirkendale, L.",,1999,12,3,0,0,0,,among limestone rocks/rubble,5,10,meters,,,,Holothuroidea
229,2,691,Sclerodactylidae,Afrocucumis africana,Afrocucumis,africana,?,0,,LAK-077A,Indian Ocean,Australia,Christmas Island,Christmas Island,"Christmas Island, E Coast, 1 km N of Lily Beach, Ethel Beach",Christmas Island,NA,NA,NA,NA,,95% ethanol,"Kirkendale, L.",snorkel,1999,12,29,0,0,0,on shallow section of forereef,under rubble,1,2,meters,,,,Holothuroidea
232,2,4007,Holothuriidae,Holothuria atra,Holothuria,atra,,0,,LAK-081,Indian Ocean,Australia,Cocos-Keeling Island,Cocos-Keeling Island,"West Island, West Coast, Midway up Island on Outside of Atoll, Trannies Beach",Trannies Beach,NA,NA,NA,NA,,75% ethanol,"Kirkendale, L.",,1999,12,5,0,0,0,,under dead limestone rock/rubble,0,1,meters,,,,Holothuroidea
233,2,8888,,Holothuroidea,Holothuroidea,,,648,C-21,LAK-089,Indian Ocean,Australia,Cocos-Keeling Island,Cocos-Keeling Island,behind West Island Lodge,West Island,NA,NA,NA,NA,,75% ethanol,Lisa Kirkendale,,1999,12,6,0,0,0,reef flat,exposed on dead coral rocks/rubble,0,1,meters,,night collected,,Holothuroidea
234,5,269,Synaptidae,Euapta godeffroyi,Euapta,godeffroyi,,0,,LAK-102,Indian Ocean,Australia,Cocos-Keeling Island,Cocos-Keeling Island,"Wester/tip of Direction Island, Bends Around into Lagoon",Direction island,NA,NA,NA,NA,95% ethanol,95% ethanol,"Kirkendale, L.",,1999,12,9,0,0,0,,,0,3,meters,,,,Holothuroidea
235,2,3644,Holothuriidae,Holothuria edulis,Holothuria,edulis,,594,,LAK-103,Indian Ocean,Australia,Cocos-Keeling Island,Cocos-Keeling Island,"just West/offshore of Direction Island, approximately 100 m from ""Overhang Cave""",Direction island,NA,NA,NA,NA,,75% ethanol,"Kirkendale, L.",,1999,12,9,0,0,0,,,NA,NA,,,,,Holothuroidea
246,2,949,Chiridotidae,Polycheira rufescens,Polycheira,rufescens,,0,,BYAP-002,Pacific Ocean,Federated States of Micronesia,Caroline Islands,Yap Island,E Maap Island,Maap,NA,NA,NA,NA,,75% ethanol,"Paulay, G.",,2000,4,NA,0,0,NA,high intertidal,under rocks and plant debris,NA,NA,,,,,Holothuroidea
247,2,930,Synaptidae,Synaptula,Synaptula,,,0,,BYAP-006,Pacific Ocean,Federated States of Micronesia,Caroline Islands,Yap Island,Tomil Docks,Tomil,NA,NA,NA,NA,,75% ethanol,"Paulay, G.",,2000,4,5,0,0,0,,on wharf wall,NA,NA,,,,,Holothuroidea
254,2,989,Holothuriidae,Bohadschia vitiensis,Bohadschia,vitiensis,,594,,BFIJI-422,Pacific Ocean,Fiji,Fiji Islands,Viti Levu Island,"Coast, 80 km W of Suva, Man Friday Resort",Man Friday Resort,NA,NA,NA,NA,,75% ethanol,"Paulay, G.",,1989,2,2,0,0,0,"fringing reef, near shore",,0,2,meters,,,,Holothuroidea
255,2,981,Holothuriidae,Holothuria coluber,Holothuria,coluber,,594,,BFIJI-456,Pacific Ocean,Fiji,Fiji Islands,Viti Levu Island,Suva Pt.,Suva Point,NA,NA,NA,NA,,75% ethanol,"Paulay, G.",,1989,2,9,0,0,0,fringing sand flat,under rock,0,20,meters,,,,Holothuroidea
257,2,955,Holothuriidae,Holothuria flavomaculata,Holothuria,flavomaculata,,594,,BFIJI-389,Pacific Ocean,Fiji,Fiji Islands,Viti Levu Island,in passage at Vatukarasa Village,Vatukarasa,NA,NA,NA,NA,,75% ethanol,"Paulay, G.",,1988,12,26,0,0,0,,underside of rock,4,6,meters,,half broken,,Holothuroidea
260,2,941,Stichopodidae,Stichopus,Stichopus,,,594,,GP-Loc-572,Pacific Ocean,Papua New Guinea,Milne Bay Province,,"Louisiade Archipelago, Taodovu Reef",Taodovu Reef,NA,NA,NA,NA,,75% ethanol,"Paulay, G.",,1998,6,6,0,0,0,,,NA,NA,,,,,Holothuroidea
261,2,987,Holothuriidae,Holothuria scabra,Holothuria,scabra,,594,,HFIJI-014,Pacific Ocean,Fiji,Fiji Islands,Viti Levu Island,Southwest Shore at Seashell Cove Resort,Seashell Cove Resort,NA,NA,NA,NA,,75% ethanol,"Paulay, G.",,1982,9,23,0,0,0,,,NA,NA,,,,,Holothuroidea
262,2,995,Holothuriidae,Actinopyga,Actinopyga,,,594,,HFIJI-015,Pacific Ocean,Fiji,Fiji Islands,Viti Levu Island,Southwest Coast at Seashell Cove Resort,Seashell Cove Resort,NA,NA,NA,NA,,75% ethanol,"Paulay, G.",,1982,9,25,0,0,0,"seagrass bed, mud flat",,NA,NA,,,,,Holothuroidea
263,2,935,Holothuriidae,Labidodemas pertinax,Labidodemas,pertinax,,0,,HMAK-001,Pacific Ocean,Cook Islands,Cook Islands,Mauke Island,near Taunganui Landing,,NA,NA,NA,NA,,75% ethanol,"McCormack, G.",,1984,11,26,0,0,0,,"under rock, exposed on sand",20,NA,meters,,,,Holothuroidea
264,2,966,Chiridotidae,Chiridota,Chiridota,,,0,,HMAK-011,Pacific Ocean,Cook Islands,Cook Islands,Mauke Island,off Taunganui,,NA,NA,NA,NA,,75% ethanol,"Paulay, G.",,1986,12,12,0,0,0,,under rock,14,18,meters,,,,Holothuroidea
265,2,976,Holothuriidae,Holothuria hilla,Holothuria,hilla,,0,,HMAK-015-2,Pacific Ocean,Cook Islands,Cook Islands,Mauke Island,off Uriaata Landing,,NA,NA,NA,NA,,75% ethanol,"Paulay, G.",,1984,12,26,0,0,0,on reef,buried in sand pocket,NA,NA,,,,,Holothuroidea
277,2,948,Holothuriidae,Actinopyga obesa,Actinopyga,obesa,aff,0,,ZZZ-086910,Indian Ocean,Oman,,,Al Fahd Island,Jazirat al Fahl,NA,NA,NA,NA,,75% ethanol,"Paulay, G.",,1999,11,26,0,0,0,,,10,NA,meters,,,,Holothuroidea
278,2,928,Holothuriidae,Holothuria hilla,Holothuria,hilla,,0,,ZZZ-086915,Pacific Ocean,French Polynesia,Austral Islands,Rimatara Island,E side,Rimatara Island,NA,NA,NA,NA,10% formalin,75% ethanol,"Paulay, G.",,1983,2,8,0,0,0,fringing reef,,NA,NA,,,,,Holothuroidea
279,2,983,Holothuriidae,Holothuria leucospilota,Holothuria,leucospilota,,0,,ZZZ-086916,Pacific Ocean,French Polynesia,Austral Islands,Rimatara Island,off Amaru,Amaru,NA,NA,NA,NA,,75% ethanol,"Paulay, G.",,1983,2,10,0,0,0,"outer reef slope, in surf zone",,NA,NA,,,,,Holothuroidea
287,2,945,Synaptidae,Euapta tahitiensis,Euapta,tahitiensis,,0,,ZZZ-086975,Pacific Ocean,USA,Hawaiian Islands,Maui Island,Five Graves,,NA,NA,NA,NA,,95% ethanol,"Pittman, C.",,2000,10,23,0,0,0,algae wash,,0,17,feet,,,,Holothuroidea
288,2,958,Holothuriidae,Holothuria cinerascens,Holothuria,cinerascens,,0,,ZZZ-086977,Pacific Ocean,USA,Hawaiian Islands,Maui Island,Hekili Point,Hekili Point,NA,NA,NA,NA,,95% ethanol,"Pittman, C.",,1999,11,24,0,0,0,,,NA,NA,,,,,Holothuroidea
294,2,932,Holothuriidae,Holothuria pittman sp. 2,Holothuria,sp. (Pittman sp. 2),,0,,ZZZ-086982,Pacific Ocean,USA,Hawaiian Islands,Maui Island,Malico Bay,Malico Bay,NA,NA,NA,NA,,75% ethanol,"Pittman, C.",,2000,10,8,0,0,0,,,NA,NA,,,,,Holothuroidea
295,2,940,Holothuriidae,Holothuria verrucosa,Holothuria,verrucosa,,0,,ZZZ-086984,Pacific Ocean,USA,Hawaiian Islands,Maui Island,Napili Bay,Napili Bay,NA,NA,NA,NA,,75% ethanol,"Pittman, C.",,1998,11,13,0,0,0,tide pool,under rock,NA,NA,,,,,Holothuroidea
297,2,933,Holothuriidae,Holothuria hilla,Holothuria,hilla,,0,,ZZZ-086985,Pacific Ocean,USA,Hawaiian Islands,Hawaii Island,"Oahu, Kaneohe Bay","Oahu, Kaneohe Bay",NA,NA,NA,NA,,75% ethanol,"Pittman, C.",,2000,10,1,0,0,0,,on rubble,1,NA,meters,,,,Holothuroidea
300,2,990,Holothuriidae,Holothuria cinerascens,Holothuria,cinerascens,,0,,ZZZ-086987,Pacific Ocean,USA,Hawaiian Islands,Hawaii Island,"Oahu, Ilikai","Oahu, Ilikai",NA,NA,NA,NA,,75% ethanol,"Takaoka, J.",,1999,9,1,0,0,0,,under rock,0,3,meters,,,,Holothuroidea
305,2,1115,,Holothuroidea,Holothuroidea,,,0,,ZZZ-087230,Pacific Ocean,Nauru,Nauru,Nauru Island,Gabob Channel,,NA,NA,NA,NA,,75% ethanol,"Meyer, C. P.",,1999,10,26,0,0,0,,,12,NA,meters,,,,Holothuroidea
306,2,1121,Synaptidae,Synaptula,Synaptula,,,0,,ZZZ-087234,Pacific Ocean,Palau,,,Mouth of Tourist Jellyfish Lake Bay,Jellyfish lake,NA,NA,NA,NA,,75% ethanol,"Starmer, J.",,NA,NA,NA,NA,NA,NA,forereef,on sponge,3,NA,meters,,,,Holothuroidea
324,2,1276,Holothuriidae,Holothuria difficilis,Holothuria,difficilis,,0,,ZZZ-087854,Pacific Ocean,USA,Hawaiian Islands,Maui Island,Black Rock,Black Rock,NA,NA,NA,NA,,95% ethanol,"Pittman, C.",,2002,11,11,0,0,0,,"on bottom, night",5,NA,meters,,,,Holothuroidea
337,2,1354,Stichopodidae,Stichopus,Stichopus,,,594,,BFIJI-370,Pacific Ocean,Fiji,Fiji Islands,Viti Levu Island,Suva Point,Suva Point,NA,NA,NA,NA,,75% ethanol,"Paulay, G.",,1988,11,1,0,0,0,on silty fringing sand flat,,NA,NA,,,,,Holothuroidea
343,2,1342,Holothuriidae,Pearsonothuria graeffei,Pearsonothuria,graeffei,,594,,BTAR-015,Pacific Ocean,Kiribati,Gilbert Islands,Tarawa Atoll,Slope of Sand Shoal in Southeast Lagoon,,NA,NA,NA,NA,,75% ethanol,"Paulay, G.",,1992,4,7,0,0,0,,,4,6,meters,,,,Holothuroidea
355,2,1362,Synaptidae,Opheodesoma,Opheodesoma,,,0,,HFIJI-003A,Pacific Ocean,Fiji,Fiji Islands,Viti Levu Island,"Off East Suva, ""cowrie Patch""",Suva,NA,NA,NA,NA,,75% ethanol,"Paulay, G.",,1985,6,30,0,0,0,,,0,20,meters,,,,Holothuroidea
356,2,1346,Stichopodidae,Stichopus herrmanni,Stichopus,herrmanni,cf.,0,,HFIJI-004,Pacific Ocean,Fiji,Fiji Islands,Viti Levu Island,"E Viti Levu, off Islet",,NA,NA,NA,NA,,75% ethanol,Gustav Paulay,,1985,7,15,0,0,0,on patch reef,,0,1.5,meters,,,,Holothuroidea
357,2,1332,Holothuriidae,Labidodemas rugosum,Labidodemas,rugosum,,594,,HFIJI-012,Pacific Ocean,Fiji,Fiji Islands,Viti Levu Island,"Namotu Islet, 2-3 km Offshore SW Viti Levu, from Seashell Cove Resort",Namotu Island,NA,NA,NA,NA,10% formalin,75% ethanol,"Paulay, G.",,1982,9,24,0,0,0,,,0,10,meters,,,,Holothuroidea
358,2,1344,Holothuriidae,Pearsonothuria graeffei,Pearsonothuria,graeffei,,594,,HFIJI-013,Pacific Ocean,Fiji,Fiji Islands,Viti Levu Island,20 km E of Sigatoka,Sigatoka,NA,NA,NA,NA,,75% ethanol,"Paulay, G.",,1982,9,11,0,0,0,on fringing reef,,1,NA,meters,,,,Holothuroidea
359,2,1363,Holothuriidae,Holothuria parva,Holothuria,parva,,594,,HFIJI-016,Pacific Ocean,Fiji,Fiji Islands,Viti Levu Island,"SW Shore, Seashell Cove Resort",Seashell Cove Resort,NA,NA,NA,NA,10% formalin,75% ethanol,"Paulay, G.",,1982,9,25,0,0,0,,on sandy mudflat,NA,NA,,,,,Holothuroidea
360,2,1335,Holothuriidae,Actinopyga,Actinopyga,,,594,,HFIJI-017,Pacific Ocean,Fiji,Fiji Islands,Viti Levu Island,"SW Coast, Sea Shell Cove Resort",Seashell Cove Resort,NA,NA,NA,NA,10% formalin,75% ethanol,"Paulay, G.",,1982,9,25,0,0,0,in seagrass bed,on mud flat,0,1,meters,,,,Holothuroidea
361,2,1361,Holothuriidae,Holothuria edulis,Holothuria,edulis,aff.,0,,HMAK-005,Pacific Ocean,Cook Islands,Cook Islands,Mauke Island,off Kimiangatau,Kimiangatau,NA,NA,NA,NA,,75% ethanol,"Paulay, G.",,1984,12,4,0,0,0,,on coral rubble,50,52,meters,,,,Holothuroidea
362,2,1322,Synaptidae,Euapta godeffroyi,Euapta,godeffroyi,,0,,HMAK-009,Pacific Ocean,Cook Islands,Cook Islands,Mauke Island,off Taunganui Landing,,NA,NA,NA,NA,,75% ethanol,"Paulay, G.",,1984,12,7,0,0,0,,,15,18,meters,,,,Holothuroidea
363,2,1330,Holothuriidae,Actinopyga varians,Actinopyga,varians,,0,,HMAK-017,Pacific Ocean,Cook Islands,Cook Islands,Mauke Island,"West Side, on Reef",,NA,NA,NA,NA,,75% ethanol,"Paulay, G.",,1984,12,18,0,0,0,,,NA,NA,,,,,Holothuroidea
378,2,1345,Holothuriidae,Holothuria whitmaei,Holothuria,whitmaei,,592,,JAS-OEN-043c,Pacific Ocean,Pitcairn Islands,Pitcairn Islands,Oeno Atoll,NW side of Island,,NA,NA,NA,NA,,75% ethanol,"Starmer, J.",,1997,8,4,0,0,0,patch reef,on flat coral rock,NA,NA,,,,,Holothuroidea
384,2,1339,Holothuriidae,Actinopyga,Actinopyga,,,0,,ZZZ-087889,Pacific Ocean,Palau,Koror State,,"Malakal Island, near Koror Causeway",Malakal Island,NA,NA,NA,NA,,75% ethanol,"Paulay, G.",,1999,7,22,0,0,0,,,2,5,meters,,,,Holothuroidea
387,2,1326,Holothuriidae,Holothuria sp. 14,Holothuria,sp. 14,,0,,ZZZ-087906,Pacific Ocean,USA,Hawaiian Islands,Maui Island,Makena,Makena,NA,NA,NA,NA,,75% ethanol,"Severns, P. F.",,1998,9,21,0,0,0,,,18,NA,meters,,,,Holothuroidea
388,2,1366,Stichopodidae,Stichopus horrens,Stichopus,horrens,,0,,ZZZ-087907,Pacific Ocean,USA,Hawaiian Islands,Oahu Island,Ilikai,Ilikai,NA,NA,NA,NA,,75% ethanol,"Takoaka, D.",,1999,9,1,0,0,0,,on rock,0.3,NA,meters,,,,Holothuroidea
393,2,1407,Holothuriidae,Holothuria fuscorubra,Holothuria,fuscorubra,,0,,ZZZ-087983,Pacific Ocean,USA,Hawaiian Islands,Oahu Island,Sandy Beach,Sandy Beach,NA,NA,NA,NA,,75% ethanol,"Takada, D.",,1999,8,31,0,0,0,,tidepool,NA,NA,,,,,Holothuroidea
394,2,1414,Holothuriidae,Holothuria mexicana,Holothuria,mexicana,,0,,ZZZ-088568,Atlantic Ocean,British Virgin Islands,,,Tortola,Tortola,NA,NA,NA,NA,10% formalin,75% ethanol,"Lewand, L.",,1984,5,17,0,0,0,,,NA,NA,,,,,Holothuroidea
395,2,1423,Holothuriidae,Holothuria mexicana,Holothuria,mexicana,,0,,ZZZ-088586,Atlantic Ocean,USA,Virgin Islands,St. John,Reef Bay,Reef Bay,NA,NA,NA,NA,10% formalin,75% ethanol,"Beets, J.",,1984,5,8,0,0,0,,,NA,NA,,,,,Holothuroidea
396,2,1589,Stichopodidae,Stichopus horrens,Stichopus,horrens,,611,,BPAL-094,Pacific Ocean,Palau,,,Omodes Passage in Iwayama Bay,Nikko Bay,NA,NA,NA,NA,,75% ethanol,"Paulay, G.",,2003,3,5,0,0,0,,exposed,0,1,meters,,DNA: P39,,Holothuroidea
414,2,1951,Chiridotidae,Polycheira rufescens,Polycheira,rufescens,,0,,BTAI-027,Pacific Ocean,China,Taiwan,Taipei Co.,Chinshan,,NA,NA,NA,NA,95% ethanol,75% ethanol,"Paulay, G. & Liu, H.-C.",,2003,2,28,0,0,0,intertidal,under cobbles,NA,NA,,,,,Holothuroidea
421,2,1498,Holothuriidae,Holothuria difficilis,Holothuria,difficilis,,0,,ZZZ-088693,Pacific Ocean,Chile,Easter Island,Easter Island,Anakena,,NA,NA,NA,NA,,95% ethanol,"Frey, M. A.",,2003,4,19,0,0,0,tidepool,,NA,NA,,,,,Holothuroidea
479,2,1837,Synaptidae,Protankyra,Protankyra,,,0,,HFIJ-001,Pacific Ocean,Fiji,Fiji Islands,Viti Levu Island,"Lautkala Bay, Dredge Stations 2-3",Lautkala Bay,NA,NA,NA,NA,,75% ethanol,,,1985,6,24,0,0,0,,mud,15,35,meters,,,,Holothuroidea
480,2,1846,Holothuriidae,Holothuria sp. 17,Holothuria,sp. 17,,0,,HFIJ-002,Pacific Ocean,Fiji,Fiji Islands,Viti Levu Island,"Lautkala Bay, Dredge Station 3",Lautkala Bay,NA,NA,NA,NA,,75% ethanol,,,1985,6,24,0,0,0,,mud,25,NA,meters,,,,Holothuroidea
481,2,1839,Synaptidae,Opheodesoma,Opheodesoma,,,0,,HFIJ-003B,Pacific Ocean,Fiji,Fiji Islands,Viti Levu Island,"Off E Suva, ""cowrie Patch""",Suva,NA,NA,NA,NA,,75% ethanol,,,1985,6,30,0,0,0,,sand & rubble,0,0.2,meters,,,,Holothuroidea
483,2,1828,Holothuriidae,Holothuria edulis,Holothuria,edulis,,0,,HFIJ-005,Pacific Ocean,Fiji,Fiji Islands,Viti Levu Island,"Off E Viti Levu, Station 3",,NA,NA,NA,NA,,75% ethanol,,,1985,7,15,0,0,0,,sand,2,NA,meters,,,,Holothuroidea
484,2,1838,Holothuriidae,Holothuria impatiens,Holothuria,impatiens,,0,,HFIJ-007-2,Pacific Ocean,Fiji,Fiji Islands,Viti Levu Island,Dravuni Island,Dravuni Island,NA,NA,NA,NA,,75% ethanol,,,NA,NA,NA,NA,NA,NA,intertidal,,NA,NA,,,,,Holothuroidea
485,2,1832,Holothuriidae,Bohadschia marmorata,Bohadschia,marmorata,,0,,HFIJ-009,Pacific Ocean,Fiji,Fiji Islands,Taveuni Island,N end of Island,,NA,NA,NA,NA,,75% ethanol,,,1985,8,2,0,0,0,,sand & turtle grass,NA,NA,,,,,Holothuroidea
487,2,1978,Synaptidae,Opheodesoma,Opheodesoma,,,594,,JAS-BEL-213,Pacific Ocean,Palau,,,near Turtle Rock,,NA,NA,NA,NA,,75% ethanol,"Starmer, J.",,1999,1,1,0,0,0,forereef,silty,24,NA,meters,,,,Holothuroidea
488,2,1994,Holothuriidae,Actinopyga lecanora,Actinopyga,lecanora,,594,,BFIJI-310,Pacific Ocean,Fiji,Fiji Islands,Viti Levu Island,"Hideaway Resort, near Votua",Votua,NA,NA,NA,NA,,75% ethanol,,,1988,9,15,0,0,0,channel wall,,0,5,meters,,,,Holothuroidea
494,2,2017,Holothuriidae,Holothuria impatiens,Holothuria,impatiens,,594,,BFIJI-372A,Pacific Ocean,Fiji,Fiji Islands,Viti Levu Island,"W of Malevu, 10 km E of Sigatola",Sigatoka,NA,NA,NA,NA,,75% ethanol,,,1988,7,3,0,0,0,fringing reef,under rocks,0,1.5,meters,,,,Holothuroidea
497,2,2018,Holothuriidae,Holothuria rigida,Holothuria,rigida,,594,,BFIJI-418A,Pacific Ocean,Fiji,Fiji Islands,Viti Levu Island,"Man Friday Resort, South Coast, 80 km W of Suva Point",Man Friday Resort,NA,NA,NA,NA,,75% ethanol,,,1989,2,2,0,0,0,fringing reef,under rock in crevice,0,2,meters,,,,Holothuroidea
499,2,1725,Holothuriidae,Holothuria leucospilota,Holothuria,leucospilota,,594,,BFIJI-446,Pacific Ocean,Fiji,Fiji Islands,Viti Levu Island,"South Coast, 5 km W of Pacific Harbor Airport",Pacific Harbor Airport,NA,NA,NA,NA,,75% ethanol,,,1989,2,8,0,0,0,fringing reef flat,under rocks,NA,NA,,,,,Holothuroidea
506,2,1830,Holothuriidae,Bohadschia marmorata,Bohadschia,marmorata,?,594,HFIJ-020,E3,Pacific Ocean,Fiji,Fiji Islands,Viti Levu Island,"SW Shore, Sea Shell Cove Resort",Seashell Cove Resort,NA,NA,NA,NA,10% formalin,75% ethanol,"Paulay, G.",,1982,9,24,0,0,0,mud flat 5 m from shore,under large rock,NA,NA,,,,,Holothuroidea
507,2,1763,Stichopodidae,Stichopus,Stichopus,,,0,,GP-Loc-437,Pacific Ocean,Palau,,,"Bkul-ngeiil Islet off SW Babeldaob, Offshore",Babeldaob,NA,NA,NA,NA,80% ethanol,75% ethanol,"Paulay, G.",,1996,3,19,0,0,0,patch reef,,NA,NA,,,,not on loan,Holothuroidea
508,2,1734,Holothuriidae,Holothuria sp. 23,Holothuria,sp. 23,,0,,GP-Loc-602,Pacific Ocean,Palau,,,Site 5,,NA,NA,NA,NA,,75% ethanol,"Paulay, G.",,1999,7,24,0,0,0,rocky sand flat,,NA,NA,,,,,Holothuroidea
509,2,1982,Synaptidae,Synaptula,Synaptula,,,0,,ZZZ-088940,Pacific Ocean,Palau,,,"Arimizu Bay, Cave",,NA,NA,NA,NA,,75% ethanol,"Starmer, J.",,1999,7,27,0,0,0,on cave walls,,1,2,meters,,,,Holothuroidea
510,2,1717,Holothuriidae,Holothuria albiventer,Holothuria,albiventer,,0,,ZZZ-088942,Pacific Ocean,Palau,,,Icebox Park,,NA,NA,NA,NA,,75% ethanol,"Paulay, G.",,1999,7,1,0,0,0,,under rocks,5,10,meters,,,,Holothuroidea
511,2,2023,Synaptidae,Synaptula,Synaptula,,,0,,ZZZ-088946,Pacific Ocean,Palau,,,Nemelis Drop Off,,NA,NA,NA,NA,,75% ethanol,"Paulay, G.",,1996,3,18,0,0,0,,,5,15,meters,,,,Holothuroidea
515,2,1920,Holothuriidae,Holothuria arenicola,Holothuria,arenicola,,0,,ZZZ-088958,Pacific Ocean,Pitcairn Islands,Pitcairn Islands,Henderson Island,Hen Beach,Hen Beach,NA,NA,NA,NA,80% isopropanol,75% ethanol,"Starmer, J.",,1997,1,1,0,0,0,on beach,,NA,NA,,,,,Holothuroidea
517,2,1862,Stichopodidae,Stichopus horrens,Stichopus,horrens,,0,,ZZZ-088979,Pacific Ocean,USA,Hawaiian Islands,Hawaii Island,Milolii,Milolii,NA,NA,NA,NA,,75% ethanol,"Paulay, G.",,1999,11,2,0,0,0,tide pool,,NA,NA,,,,,Holothuroidea
528,2,1765,Holothuriidae,Actinopyga varians,Actinopyga,varians,,0,,ZZZ-088995,Pacific Ocean,USA,Hawaiian Islands,Oahu Island,"Alamoana Beach, Magic Island",Alamoana Beach,NA,NA,NA,NA,propanol,75% ethanol,"Takaoka, D.",,1999,8,28,0,0,0,,,NA,NA,,,,,Holothuroidea
531,2,1791,Holothuriidae,Holothuria insignis,Holothuria,insignis,,756,,ZZZ-088999,Pacific Ocean,Tanzania,,,"Zanzibar Island, Nungwi Village",Nungwi,NA,NA,NA,NA,95% ethanol,75% ethanol,Chris Meyer,,2000,1,21,0,0,0,,,NA,NA,,,,,Holothuroidea
536,2,1851,Holothuriidae,Holothuria difficilis,Holothuria,difficilis,,594,,ZZZ-089018,Pacific Ocean,Cook Islands,Cook Islands,Mauke island,E Shore,,NA,NA,NA,NA,10% formalin,75% ethanol,"Paulay, G.",,1982,12,7,0,0,0,fringing reef,exposed on top of rocks,NA,NA,,,,,Holothuroidea
538,2,1944,Synaptidae,Patinapta,Patinapta,,?,0,,ZZZ-089035,Pacific Ocean,Fiji,Fiji Islands,Viti Levu Island,"Suva, Laucala Bay",Laucala,NA,NA,NA,NA,,75% ethanol,"Paulay, G.",,1985,12,1,0,0,0,"intertidal, in fine sand, front of IMR",,NA,NA,,,,,Holothuroidea
539,2,1586,Holothuriidae,Holothuria,Holothuria,,,0,,ZZZ-089039,Pacific Ocean,Fiji,Fiji Islands,Taveuni Island,N Naselesele Village,Naselesele,NA,NA,NA,NA,,95% ethanol,"Paulay, G.",,1985,8,9,0,0,0,intertidal sand flat,,NA,NA,,,,,Holothuroidea
540,2,2010,Synaptidae,Euapta godeffroyi,Euapta,godeffroyi,,0,,ZZZ-089041,Pacific Ocean,USA,Hawaiian Islands,Oahu Island,Ilika,Ilika,NA,NA,NA,NA,,75% ethanol,"Takada, D.",Hand,1999,9,1,0,0,0,,,0.3,NA,meters,,,,Holothuroidea
557,2,1860,Synaptidae,Synapta maculata,Synapta,maculata,,0,,HFIJI-011A,Pacific Ocean,Fiji,Fiji Islands,Viti Levu Island,S of Dravuni Village,Dravuni Island,NA,NA,NA,NA,,75% ethanol,"Paulay, G.",,1985,7,30,0,0,0,reef,,20,NA,centimeters,,,,Holothuroidea
560,2,1831,Holothuriidae,Holothuria signata,Holothuria,signata,,0,,HMAK-013,Pacific Ocean,Cook Islands,Cook Islands,Mauke Island,Taunganui Harbor,,NA,NA,NA,NA,,75% ethanol,"Paulay, G.",,1984,12,12,0,0,0,,,NA,NA,,,,,Holothuroidea
573,2,2738,Synaptidae,Synaptidae,Synaptidae,,,594,,LAK-205,Pacific Ocean,Indonesia,Bali,,"Ped at Nusa Penida, off Lembongan",Lembongan,NA,NA,NA,NA,,95% ethanol,"Kirkendale, L.",,1999,12,14,0,0,0,"flat, sandy forereef interspersed with small patch",rubble and sand patches,10,25,meters,,,,Holothuroidea
574,2,2785,Synaptidae,Synaptula,Synaptula,,,594,,LAK-207,Pacific Ocean,Indonesia,Bali,,"Grade School at Nusa Penida, off Lembongan",Lembongan,NA,NA,NA,NA,,95% ethanol,"Kirkendale, L.",,1999,12,18,0,0,0,"rubbly forereef interspersed with small pinnacles,",rubble and sand patches,5,15,meters,,,,Holothuroidea
575,2,2734,Holothuriidae,Holothuria difficilis,Holothuria,difficilis,,594,,LAK-214,Pacific Ocean,Indonesia,Bali,,"Padang Bai, Ferry Dock/jetty Area",Padang Bai,NA,NA,NA,NA,,95% ethanol,"Kirkendale, L.",,1999,12,18,0,0,0,reef flat,under rubble,1,3,meters,,,,Holothuroidea
577,2,3635,Cucumariidae,Pseudocnella sinorbis,Pseudocnella,sinorbis,?,0,,JAS-SAFR-154-4,Indian Ocean,South Africa,Eastern Cape Province,,"Algoa Bay, White Sands 2",Algoa Bay,NA,NA,NA,NA,,75% ethanol,"Starmer, J.",,1998,10,19,0,0,0,,,15,NA,meters,,,963,Holothuroidea
578,2,3633,,Dendrochirotida,Dendrochirotida,,,594,,JAS-SAFR-309-2,Indian Ocean,South Africa,Eastern Cape Province,,"Port Elizabeth, White Sands",White Sands,NA,NA,NA,NA,,75% ethanol,,,1999,2,22,0,0,0,,,24,NA,meters,,,,Holothuroidea
580,2,3634,Cucumariidae,Pseudocnella sinorbis,Pseudocnella,sinorbis,?,0,,JAS-SAFR-537,Indian Ocean,South Africa,Eastern Cape Province,,Port Elizabeth,Port Elizabeth,NA,NA,NA,NA,,75% ethanol,"Cloete, A.",,2000,3,17,0,0,0,,,75,NA,meters,,,963,Holothuroidea
601,2,3514,Synaptidae,Synaptula,Synaptula,,,594,,JAS-BEL-052,Pacific Ocean,Palau,Koror State,,Malakal Harbor,Malakal Harbor,NA,NA,NA,NA,,75% ethanol,"Starmer, J.",,1995,6,20,0,0,0,reef slope,rock,1,NA,meters,,,,Holothuroidea
602,2,3519,Synaptidae,Opheodesoma,Opheodesoma,,,594,,JAS-BEL-079,Pacific Ocean,Palau,,,Omodes,,NA,NA,NA,NA,,75% ethanol,"Starmer, J.",,1995,5,1,0,0,0,seagrass flat,sand/seagrass,2,NA,meters,,,,Holothuroidea
603,2,3513,Synaptidae,Opheodesoma,Opheodesoma,,,594,,JAS-BEL-246,Pacific Ocean,Palau,Koror State,,Halimeda Reef,,NA,NA,NA,NA,,75% ethanol,"Starmer, J.",,1995,7,31,0,0,0,deep reef,rubble,30,NA,meters,,,,Holothuroidea
604,2,3631,Holothuriidae,Holothuria impatiens,Holothuria,impatiens,aff.,594,,JAS-BEL-265,Pacific Ocean,Palau,Koror State,,Big Jellyfish Lake,,NA,NA,NA,NA,,75% ethanol,"Starmer, J.",,1995,8,22,0,0,0,Lake slope,"algae,sponges,mud",1,4,meters,,,,Holothuroidea
605,2,3275,Holothuriidae,Labidodemas pertinax,Labidodemas,pertinax,,594,,JAS-BEL-701,Pacific Ocean,Palau,Koror State,,Toachel Ra Kesebekuu,,NA,NA,NA,NA,,75% ethanol,"Starmer, J.",,1999,3,2,0,0,0,sandchannel patch reef,rock,NA,NA,,,,,Holothuroidea
609,2,3641,Synaptidae,Euapta godeffroyi,Euapta,godeffroyi,,0,,JAS-SAI-195,Pacific Ocean,Northern Mariana Islands,,Saipan Island,Sugar Dock Transect,,NA,NA,NA,NA,,75% ethanol,"Starmer, J.",,NA,NA,NA,NA,NA,NA,outer halodule rubble,under rocks on sand,1,NA,meters,,,,Holothuroidea
611,2,3772,Synaptidae,Synaptidae,Synaptidae,,,0,#CNMI#,JAS-SAI-213,Pacific Ocean,Northern Mariana Islands,,Saipan Island,Unai-dankolo Agingan,,NA,NA,NA,NA,,95% ethanol,"Starmer, J.",,1998,10,28,0,0,0,reef flat,on Amphiroa fragilissima,0.5,NA,meters,,,,Holothuroidea
612,2,3456,Chiridotidae,Chiridota hawaiiensis,Chiridota,hawaiiensis,,0,,JAS-SAI-237,Pacific Ocean,Northern Mariana Islands,,Saipan Island,Tanapag Lagoon Channel,Tanapag,NA,NA,NA,NA,,75% ethanol,"Starmer, J.",,1999,4,25,0,0,0,lagoon,sand,2,3,meters,,,,Holothuroidea
615,2,3720,Chiridotidae,Chiridota hawaiiensis,Chiridota,hawaiiensis,,592,,JAS-OEN-045,Pacific Ocean,Pitcairn Islands,Pitcairn Islands,Oeno Atoll,"NW Part of Lagoon, off Island near Pitcairners Camp",,NA,NA,NA,NA,ethanol,75% ethanol,"Starmer, J.",,1997,8,4,0,0,0,sand,under rocks,NA,NA,,,,,Holothuroidea
638,2,2690,Holothuriidae,Labidodemas semperianum,Labidodemas,semperianum,,0,,ZZZ-089848,Pacific Ocean,Northern Mariana Islands,,Rota Island,"W Coast, N of Santa Margarita, Galleon Excavation",,NA,NA,NA,NA,,75% ethanol,"Starmer, J.",,NA,NA,NA,NA,NA,NA,,,NA,NA,,,,,Holothuroidea
643,2,2716,Chiridotidae,Chiridota hawaiiensis,Chiridota,hawaiiensis,,0,,ZZZ-090443,Pacific Ocean,USA,Hawaiian Islands,Oahu Island,Black Point,Black Point,NA,NA,NA,NA,,95% ethanol,"Pittman, C.",algae wash,1999,10,3,0,0,0,,,1,NA,meters,,chance of contamination with formalin,,Holothuroidea
673,2,1805,Holothuriidae,Holothuria albiventer,Holothuria,albiventer,,0,,GP-Loc-600,Pacific Ocean,Palau,Babeldaob,,channel into Ngermeduu Estuary,,NA,NA,NA,NA,,75% ethanol,"Paulay, G.",,1999,7,24,0,0,0,,,NA,NA,,,,,Holothuroidea
676,2,3148,Stichopodidae,Stichopus,Stichopus,,?,637,,LAK-232,Pacific Ocean,Tonga,Tonga Islands,Tongatapu,Lika'alofa Beach,Lika'alofa Beach,NA,NA,NA,NA,,75% ethanol,"Kirkendale, L.",,2004,6,13,0,0,0,shallow forereef,exposed on dead coral substrate,1,3,meters,,,,Holothuroidea
677,2,3147,Holothuriidae,Actinopyga varians,Actinopyga,varians,,637,,LAK-234,Pacific Ocean,Tonga,Tonga Islands,Tongatapu,Atata Island,Atata Island,NA,NA,NA,NA,,75% ethanol,"Kirkendale, L.",,2004,6,14,0,0,0,sandy seagrass beach,shallowly buried in sand,1,2,meters,,,,Holothuroidea
678,2,5946,Holothuriidae,Holothuria difficilis,Holothuria,difficilis,,615,,LAK-240,Pacific Ocean,Tuvalu,Tuvalu Islands,Funafuti Atoll,"Lagoon Side, on Southernmost Tip of Funafuti",,NA,NA,NA,NA,,75% ethanol,Lisa Kirkendale,,2004,6,19,0,0,0,macroalgal covered rubble zone,under or on rocks,0.5,1,meters,,,,Holothuroidea
689,2,3353,Sclerodactylidae,Neothyone gibber,Neothyone,gibber,,613,,LAK-318,Pacific Ocean,Panama,,,"off Naos Island, Smithsonian Tropical Research Institute Research Laboratories, Tabboo Pinnacle",Naos island,NA,NA,NA,NA,,95% ethanol,,,NA,NA,NA,NA,NA,NA,"on low visibility rocky, reefal pinnacle rising to",under or on granite rocks,5,15,meters,,,,Holothuroidea
709,2,3231,Holothuriidae,Holothuria atra,Holothuria,atra,,0,,ZZZ-090758,Pacific Ocean,Northern Mariana Islands,Mariana Islands,Saipan Island,American Memorial Park,American Memorial Park,NA,NA,NA,NA,,75% ethanol,"Starmer, J.",,2004,8,4,0,0,0,,,NA,NA,,,,,Holothuroidea
712,2,3230,Holothuriidae,Holothuria difficilis,Holothuria,difficilis,,0,,JAS-SAI-288,Pacific Ocean,Northern Mariana Islands,,Saipan Island,Tanapag Lagoon,Tanapag,NA,NA,NA,NA,80% ethanol,75% ethanol,"Starmer, J.",,2004,6,11,0,0,0,"Enhalus/Halodule, mix zone",sand/seagrass,0,1,meters,,,,Holothuroidea
724,2,3229,Holothuriidae,Holothuria cinerascens,Holothuria,cinerascens,,0,,JAS-SAI-298,Pacific Ocean,Northern Mariana Islands,,Saipan Island,Unai Laggua,Unai Laggua Dr,NA,NA,NA,NA,,70% ethanol,"Starmer, J.",,NA,NA,NA,NA,NA,NA,,,NA,NA,,,,,Holothuroidea
754,2,3621,Stichopodidae,Stichopus mollis,Stichopus,mollis,,0,,ZZZ-091290,Pacific Ocean,New Zealand,,,Great Barrier Island,Great Barrier Island,NA,NA,NA,NA,95% ethanol,dry,,,1999,4,1,0,0,0,,"on sand, rocks, etc.",12,NA,meters,,,,Holothuroidea
759,2,3447,Holothuriidae,Holothuria signata,Holothuria,signata,,0,,ZZZ-091405,Pacific Ocean,Northern Mariana Islands,Mariana Islands,Saipan Island,outside Managaha Survey Site,Managaha,NA,NA,NA,NA,,75% ethanol,,,2003,5,1,0,0,0,forereef,under rubble,25,40,feet,,,,Holothuroidea
760,2,3618,Holothuriidae,Holothuria difficilis,Holothuria,difficilis,,0,,ZZZ-091406,Pacific Ocean,Northern Mariana Islands,Mariana Islands,Saipan Island,"Saipan Lagoon, Garapan",Garapan,NA,NA,NA,NA,,75% ethanol,,,2002,9,17,0,0,0,,,2,NA,meters,,,,Holothuroidea
771,2,3451,Holothuriidae,Actinopyga echinites,Actinopyga,echinites,,679,,GP-Loc-781,Indian Ocean,Mauritius,Mascarene Islands,Mauritius Island,Flic En Flac,Flic en Flac Beach,NA,NA,NA,NA,,75% ethanol,Gustav Paulay,,2004,2,12,0,0,0,fringing reef,,NA,NA,,,,,Holothuroidea
773,2,3784,Phyllophoridae,Pentamera chierchiae,Pentamera,chierchiae,,0,,ZZZ-092523,Pacific Ocean,Panama,,,"Islas De Las Perlas, Isleta De Los Cocos, Channel Side",Isleta De Los Cocos,NA,NA,NA,NA,,75% ethanol,,,2004,4,6,0,0,0,"rocky intertidal, no slope, adjacent to beach",basaltic cobbles with sand underneath,0,0.2,meters,,,,Holothuroidea
808,2,4141,Holothuriidae,Holothuria,Holothuria,,,588,,GP-Loc-819,Indian Ocean,Oman,,,"Muscat Area, Qurm, Qurm Beach",qurum beach,NA,NA,NA,NA,,75% ethanol,"Paulay, G. & Bonito, V. & Claerboudt, M.",,2005,1,26,0,0,0,intertidal rocky shore w/ karst and sandstone,,0,1,meters,,,,Holothuroidea
851,2,4596,Stichopodidae,Stichopus,Stichopus,,,594,,JAS-BEL-759,Pacific Ocean,Palau,,,East of Neco Island,,NA,NA,NA,NA,,75% ethanol,"Wong, P.",,2005,7,5,0,0,0,Patch Reef,rock,6,10,,,,,Holothuroidea
852,2,4614,Stichopodidae,Stichopus vastus,Stichopus,vastus,,0,,JAS-BEL-760,Pacific Ocean,Palau,,,Neco Island,,NA,NA,NA,NA,,75% ethanol,,,NA,NA,NA,NA,NA,NA,,,NA,NA,,,,,Holothuroidea
854,2,4535,Stichopodidae,Stichopus horrens,Stichopus,horrens,,0,,JAS-SAI-303,Pacific Ocean,Northern Mariana Islands,,Saipan Island,Paopao Beach,,NA,NA,NA,NA,,75% ethanol,"Starmer, J.",,NA,NA,NA,NA,NA,NA,,,NA,NA,,,,,Holothuroidea
855,2,4585,Stichopodidae,Stichopus horrens,Stichopus,horrens,,0,,JAS-SAI-304,Pacific Ocean,Northern Mariana Islands,,Saipan Island,Garapan Lagoon,Garapan,NA,NA,NA,NA,,75% ethanol,"Starmer, J.",,NA,NA,NA,NA,NA,NA,,,NA,NA,,,,,Holothuroidea
857,2,4527,Holothuriidae,Holothuria,Holothuria,,,0,,JAS-SAI-316,Pacific Ocean,Northern Mariana Islands,,Saipan Island,"Garapan Lagoon, in front of Dai Ichi Hotel",Garapan,NA,NA,NA,NA,,95% ethanol,"Starmer, J.",,2005,4,13,0,0,0,Gellidiella (Laurencia?) dominated rock bottom,Gellidiella (Laurencia?) clump,2,3,,,,,Holothuroidea
858,2,4573,Stichopodidae,Stichopus chloronotus,Stichopus,chloronotus,,0,,JAS-SAI-320,Pacific Ocean,Northern Mariana Islands,,Saipan Island,Laulau Bay,Laulau Bay,NA,NA,NA,NA,,75% ethanol,"Starmer, J.",,2005,4,30,0,0,0,reef flat,rock,0,1,,,,,Holothuroidea
862,2,4413,Holothuriidae,Actinopyga varians,Actinopyga,varians,,0,,JAS-SAI-325,Pacific Ocean,Northern Mariana Islands,,Saipan Island,"Garapan, Patch Reef in Just South of Lighthouse Channel",Garapan,NA,NA,NA,NA,,75% ethanol,"Starmer, J.",,2005,4,15,0,0,0,,,5,8,,,,,Holothuroidea
864,2,4415,Holothuriidae,Actinopyga palauensis,Actinopyga,palauensis,,0,,JAS-SAI-326,Pacific Ocean,Northern Mariana Islands,,Saipan Island,"Garapan, Patch Reef in Front of Lighthouse Channel",Garapan,NA,NA,NA,NA,,75% ethanol,"Starmer, J.",,2005,4,27,0,0,0,,,5,8,,,,,Holothuroidea
866,2,4576,Holothuriidae,Labidodemas,Labidodemas,,,0,,JAS-SAI-329,Pacific Ocean,Northern Mariana Islands,,Saipan Island,Obyan Beach,Obyan,NA,NA,NA,NA,70% ethanol,75% ethanol,"Starmer, J.",,2005,4,15,0,0,0,fore reef,under rocks on sand,7,10,,,,,Holothuroidea
867,2,4579,Stichopodidae,Thelenota ananas,Thelenota,ananas,,0,,JAS-SAI-330,Pacific Ocean,Northern Mariana Islands,,Tinian Island,Unai Babui,,NA,NA,NA,NA,,75% ethanol,"Starmer, J.",,2005,5,12,0,0,0,forereef,rubble,15,15,,,,,Holothuroidea
870,2,4577,Holothuriidae,Actinopyga varians,Actinopyga,varians,,0,,JAS-GUAM-05,,Philippines,,,Batan,Batan,NA,NA,NA,NA,,75% ethanol,"Starmer, J.",,2005,1,6,0,0,0,,,NA,NA,,,# 5 of 5 from statiomn JGUAM-009,,Holothuroidea
895,2,4489,Stichopodidae,Parastichopus californicus,Apostichopus,californicus,,0,,ZZZ-093115,Pacific Ocean,Canada,British Columbia,,"Saawich Inlet, Wain Rk",Saanich Inlet,NA,NA,NA,NA,,75% ethanol,"Cosgrove, J.",,NA,NA,NA,NA,NA,NA,,,NA,NA,,,,not on loan,Holothuroidea
917,2,4605,Synaptidae,Leptosynapta tenuis,Leptosynapta,tenuis,,0,,ZZZ-093150,Atlantic Ocean,USA,Florida,,Sea Horse Key,Sea Horse Key,NA,NA,NA,NA,,75% ethanol,"Netchy, K.",,2005,11,4,0,0,0,"seagrass flat, intertidal",muddy sand,NA,NA,,,,,Holothuroidea
921,2,4425,Holothuriidae,Holothuria inhabilis,Holothuria,inhabilis,,0,,ZZZ-093161,Pacific Ocean,Northern Mariana Islands,Mariana Islands,,Commonwealth of The Northern Mariana Islands,Northern Mariana Islands,NA,NA,NA,NA,,75% ethanol,"Starmer, J.",,2003,1,1,0,0,0,,,NA,NA,,,,,Holothuroidea
922,2,4531,Holothuriidae,Holothuria whitmaei,Holothuria,whitmaei,,0,,ZZZ-093162,Pacific Ocean,Northern Mariana Islands,Mariana Islands,,Northern Mariana Islands,Northern Mariana Islands,NA,NA,NA,NA,,75% ethanol,"Starmer, J.",,2003,1,1,0,0,0,,,NA,NA,,,,,Holothuroidea
923,2,4514,Holothuriidae,Holothuria verrucosa,Holothuria,verrucosa,,0,,ZZZ-093163,Pacific Ocean,Northern Mariana Islands,,Rota Island,Sasanhaya Bay,,NA,NA,NA,NA,,75% ethanol,"Starmer, J.",,2003,7,1,0,0,0,Fore reef,,25,NA,feet,,,,Holothuroidea
924,2,4532,Holothuriidae,Bohadschia vitiensis,Bohadschia,vitiensis,,0,,ZZZ-093166,Pacific Ocean,Palau,,,Ngatpang Dock,Ngatpang,NA,NA,NA,NA,,75% ethanol,"Starmer, J.",,2005,7,7,0,0,0,"Seagrass bed, intertidal",,NA,NA,,,,,Holothuroidea
965,2,4621,Stichopodidae,Stichopus sp. 5,Stichopus,sp. 5,,NA,,JH-2005-11-05-1,Pacific Ocean,USA,Hawaiian Islands,Oahu Island,Kahe Point,Kahe Point,NA,NA,NA,NA,,75% ethanol,"Hoover, J.",,2005,11,5,0,0,0,,,20,NA,meters,,hawaii brown,not on loan,Holothuroidea
998,2,4601,Stichopodidae,Stichopus,Stichopus,,,NA,,JAS-TIN-16,,Northern Mariana Islands,Mariana Islands,Tinian Island,"Tinian, Long Beach",,NA,NA,NA,NA,,75% ethanol,John Starmer,,2002,7,NA,0,1,NA,forereef,rock,NA,NA,,,,,Holothuroidea
1001,2,4466,Stichopodidae,Stichopus ocellatus,Stichopus,ocellatus,,NA,,OPHG-1390-T,,Malaysia,,,"Semporna Region, About 2 mi SW of Semporna Town, Red Channel Marker 14, Landward Side",Semporna Town,NA,NA,NA,NA,,95% ethanol,"Pilcher, N.",,2004,7,13,0,0,0,channel,silt,14.5,NA,meters,,"medium odor, external yellow, internal cream, high mucus, 50 cm long, 20 cm thick, dark yellow body with black nodules (not raised significantly) surrounded by 2-3 mm white rim, tube feet dark brown with white tips in three distinct 2-3 cm wide bands on underside, firm, wet weight 1206 g",,Holothuroidea
1002,2,4467,Holothuriidae,Bohadschia ocellata,Bohadschia,ocellata,,NA,,OPHG-1506-U,,Malaysia,,,"SE Sabah, Gap Between Large Reef W of Mabul and Next Reef to W, About 10 km from Mabul",Mabul,NA,NA,NA,NA,,95% ethanol,"Pilcher, N.",,2004,7,26,0,0,0,open reef,rubble,10.7,NA,meters,,"low odor, external brown, internal tan, no mucus, about 40 cm long, 15 cm diameter, dark brown with patches of light brown in which there are black-rimmed yellow patches - looks like an old marine chart or a brown/yellow aerial photo of Palau's Rock Islands, five groupings of 4-8 dome shaped nodules ringing mouth and anus, some spikes about 5, wet weight 1213 g",,Holothuroidea
1003,2,4468,Holothuriidae,Holothuria lessoni,Holothuria,lessoni,,NA,,OPHG-1384-N,,Malaysia,,,"Large Reef 8 km Due W of Mabul, SE Corner",Mabul,NA,NA,NA,NA,,95% ethanol,"Pilcher, N.",,2004,7,12,0,0,0,slope,sand,22.9,NA,meters,,"low odor, external white, internal cream, low mucus, 15 cm long, 15 cm around, white sea cucumber with brown 'dirty snow' patches, some tan patches on dorsal surface, two brown lines down length of body at sides of underside with white spikes pointed backward, like thin shark's teeth - spikes cover rest of body also but are less visible, wet weight 1014 g",,Holothuroidea
1028,2,4248,Holothuriidae,Holothuria atra,Holothuria,atra,aff.,588,BOMAN-370,GP-Loc-813,Indian Ocean,Oman,,,Offshore of The S end of Bar Al Hikman Peninsula,Barr al Hikman,NA,NA,NA,NA,75% ethanol,75% ethanol,"V. Bonito, M. Claereboudt, G. Paulay",,2005,1,23,0,0,0,coralliths and sand,exposed,6,6,meters,,"lab photo,",,Holothuroidea
1029,2,4244,Holothuriidae,Holothuria atra,Holothuria,atra,,588,BOMAN-351,GP-Loc-818,Indian Ocean,Oman,,,S end of Bar Al Hikman Peninsula,Barr al Hikman,NA,NA,NA,NA,75% ethanol,75% ethanol,"V. Bonito, M. Claereboudt, G. Paulay",,2005,1,24,0,0,0,"silty, rubbly sand spit",exposed,0,0,meters,,DNA sample after death,,Holothuroidea
1058,2,5646,Holothuriidae,Bohadschia vitiensis,Bohadschia,vitiensis,,698,,SEMP-08,Pacific Ocean,Philippines,Negros Oriental,,"Dauin, S of Dumaguete",Dauin,NA,NA,NA,NA,,75% ethanol,Kris Netchy & Alex Kerr,,2006,5,26,0,0,0,,,3,43,meters,,,,Holothuroidea
1070,2,5696,Holothuriidae,Holothuria pervicax,Holothuria,pervicax,,698,,SEMP-12,Pacific Ocean,Philippines,Cebu,,Off Moal Boal,Moalboal,NA,NA,NA,NA,70% ethanol,75% ethanol,Laurie Raymundo,,2006,5,30,0,0,0,reef flat,on live coral,2,25,meters,,,,Holothuroidea
1106,2,5699,Holothuriidae,Actinopyga echinites,Actinopyga,echinites,,698,,SEMP-30,Pacific Ocean,Philippines,Bohol,,"Panglao, Gak-ang Islands, Atoll",Gakang Island,NA,NA,NA,NA,70% ethanol,75% ethanol,Kris Netchy & Alex Kerr,reef walk,2006,6,11,0,0,0,,,0,1,meters,,,,Holothuroidea
1116,2,5581,Holothuriidae,Actinopyga capillata,Actinopyga,capillata,,698,,SEMP-33,Pacific Ocean,Philippines,Bohol,,"Panglao, Alona Beach, off of Alona Tropical Beach Resort","Alona Beach, Panglao",NA,NA,NA,NA,,75% ethanol,Kris Netchy & Alex Kerr,,2006,6,12,0,0,0,"intertidal, seagrass bed, reef flat","sand, in sargassum",0,3,meters,,chestnut/orange background mottled in white,,Holothuroidea
1117,2,5611,Stichopodidae,Stichopus,Stichopus,,,698,,SEMP-34,Pacific Ocean,Philippines,Bohol,,S side of Panglao,Panglao,NA,NA,NA,NA,,75% ethanol,Kris Netchy & Alex Kerr,,2006,6,13,0,0,0,,,NA,NA,,,,,Holothuroidea
1133,2,4875,Holothuriidae,Actinopyga agassizi,Actinopyga,agassizi,,640,,SMBZE-002,Atlantic Ocean,Belize,,,Calabash Caye,,NA,NA,NA,NA,,75% ethanol,Sea McKeon,,2006,5,27,0,0,0,,,NA,NA,,,furry?,,Holothuroidea
1134,2,4877,Holothuriidae,Holothuria mexicana,Holothuria,mexicana,,640,,SMBZE-003,Atlantic Ocean,Belize,,,"Turneffe Atoll, Calabash Caye",Turneffe Island,NA,NA,NA,NA,,75% ethanol,J. Pahalas,,2006,5,24,0,0,0,,,NA,NA,,,,,Holothuroidea
1136,2,4878,Holothuriidae,Holothuria thomasi,Holothuria,thomasi,,640,,SMBZE-004,Atlantic Ocean,Belize,,,"Turneffe Atoll, Soldier Caye",Turneffe Island,NA,NA,NA,NA,,75% ethanol,Sea McKeon,,2006,5,26,0,0,0,,,NA,NA,,,,,Holothuroidea
1137,2,4957,Stichopodidae,Parastichopus tremulus,Parastichopus,tremulus,,630,,Ringvold-00-2006,,Norway,Nordland County,,Tranoy Island,Tranoy Island,NA,NA,NA,NA,,75% ethanol,Halldis Ringvold,,2006,NA,NA,0,NA,NA,,,NA,NA,,,,,Holothuroidea
1149,2,5010,Holothuriidae,Holothuria atra,Holothuria,atra,,663,AK-0022,AGR-2005-002,Pacific Ocean,Northern Mariana Islands,Mariana Islands,Agrihan Island,W Side,,NA,NA,NA,NA,,95% ethanol,Alexander M. Kerr,,2005,9,14,0,0,0,,exposed on sand in high coral cover,54,NA,feet,,"uniformly black with a light covering of sand, reddish exudate when brushed, collected in daytime",,Holothuroidea
1150,2,5011,Holothuriidae,Actinopyga palauensis,Actinopyga,palauensis,,663,AK-0019,MAUG-2005-006,Pacific Ocean,Northern Mariana Islands,,Maug Islands,Lagoon side of N Inlet,,NA,NA,NA,NA,,95% ethanol,Alexander M. Kerr,,2005,9,13,0,0,0,,exposed on sand in high coral cover,54,NA,feet,,"uniformly dark brown, almost black, pygial teeth dark yellow, collected in daytime",,Holothuroidea
1309,2,5558,Holothuriidae,Bohadschia marmorata,Bohadschia,marmorata,,691,VM52,Vanuatu-001,Pacific Ocean,Vanuatu,Sanma Province,,Espiritu Santo Island,Espiritu Santo Island,NA,NA,NA,NA,,75% ethanol,David Lane et al.,,2006,10,5,0,0,0,,,NA,NA,,,,,Holothuroidea
1331,2,5557,Holothuriidae,Holothuria fuscogilva,Holothuria,fuscogilva,?,691,FR41,Vanuatu-002,Pacific Ocean,Vanuatu,Sanma Province,,"Espiritu Santo Island, Baie De La Tortue","Turtle Bay, Espiritu Santo",NA,NA,NA,NA,,75% ethanol,David Lane et al.,,2006,9,29,0,0,0,,,NA,NA,,,,,Holothuroidea
1388,2,5862,Synaptidae,Opheodesoma,Opheodesoma,,?,717,,AK-Yap-00,Pacific Ocean,Federated States of Micronesia,Caroline Islands,Yap State,Yap Island,,NA,NA,NA,NA,,75% ethanol,Kris Netchy & Alex Kerr,,2007,7,31,0,0,0,,,0,60,feet,,,900,Holothuroidea
1390,2,5970,Holothuriidae,Holothuria impatiens,Holothuria,impatiens,aff.,732,,Fiene-01,Pacific Ocean,USA,Hawaiian Islands,Maui Island,"Kihei, St. Anthony Wreck",Kihei,NA,NA,NA,NA,,75% ethanol,Pauline Fiene,,2007,7,14,0,0,0,,under rock,60,NA,feet,,,,Holothuroidea
1391,2,5971,Holothuriidae,Holothuria tubulosa,Holothuria,tubulosa,,733,,Bertoncini-01,,Portugal,Azores,,Biscoitos Beach,Biscoitos,NA,NA,NA,NA,,75% ethanol,Athila Bertoncini,,2007,10,25,0,0,0,,,NA,NA,,,pieces only,,Holothuroidea
1419,2,6029,Chiridotidae,Chiridota laevis,Chiridota,laevis,,742,,Werner-01,Atlantic Ocean,USA,Maine,Washington Co.,Lubec,Lubec,NA,NA,NA,NA,,75% ethanol,Tim B. Werner,,2007,8,30,0,0,0,,,NA,NA,,,,,Holothuroidea
1512,2,6057,Holothuriidae,Holothuria fuscorubra,Holothuria,fuscorubra,,745,BFFS-18,FFS-OAHU-Loc. 821,Pacific Ocean,USA,Hawaiian Islands,Oahu Island,Oahu,Oahu,NA,NA,NA,NA,95% ethanol,75% ethanol,,,2006,10,NA,NA,NA,NA,,,NA,NA,,,,,Holothuroidea
1588,2,6322,Synaptidae,Euapta godeffroyi,Euapta,godeffroyi,,751,BREU-FM-0062-1,SWIO-FM30,,France,Mascarene Islands,Reunion Island,"Saint-Gilles, Hermitage","Saint-Gilles, Hermitage",NA,NA,NA,NA,90% ethanol,75% ethanol,Nicolas Hubert & Francois Michonneau,,2007,7,22,NA,NA,NA,,,0,2,meters,,tentacle,,Holothuroidea
1619,2,10303,Holothuriidae,Holothuria isuga,Holothuria,isuga,,594,BNEC-001,GP-Loc-574,Pacific Ocean,New Caledonia,New Caledonia,,"Noumea, Baie De Citron","Baie des Citrons, Noumea",NA,NA,NA,NA,70% denatured ethanol,75% ethanol,Gustav Paulay,snorkel,1999,1,NA,0,0,NA,fringing reef & sand slope,in sand,2,3,meters,,,,Holothuroidea
1621,2,6312,Holothuriidae,Holothuria isuga,Holothuria,isuga,,765,,Byrne-001,Pacific Ocean,Australia,Queensland,,"Great Barrier Reef, One Tree Island","Great Barrier Reef, One Tree Island",NA,NA,NA,NA,,75% ethanol,Maria Byrne,,2006,4,13,0,0,0,,,NA,NA,,,,,Holothuroidea
1623,2,6697,Holothuriidae,Holothuria grisea,Holothuria,grisea,,786,BFLA_229,FTP-13,West Atlantic,USA,Florida,St. Lucie Co.,Fort Pierce,Fort Pierce,NA,NA,NA,NA,95% ethanol,75% ethanol,Gustav Paulay,,2008,3,5,NA,NA,NA,,,NA,NA,,,,,Holothuroidea
2029,2,5486,Holothuriidae,Holothuria tubulosa,Holothuria,tubulosa,,805,M152,Mezali-001,,Algeria,,,Sidi Fredj,Sidi Fredj,NA,NA,NA,NA,,95% ethanol,Karim Mezali,,2007,5,11,0,0,0,,,NA,NA,,,,,Holothuroidea
2040,2,5474,Holothuriidae,Holothuria tubulosa,Holothuria,tubulosa,,805,M227,Mezali-002,,Algeria,,,Figuier-plage,Figuier-plage,NA,NA,NA,NA,,95% ethanol,Karim Mezali,,2007,5,11,0,0,0,,,NA,NA,,,dried/rotted,,Holothuroidea
2051,2,3844,Holothuriidae,Holothuria tubulosa,Holothuria,tubulosa,,805,M197,Mezali-003,,Algeria,,,Stidia,Stidia,NA,NA,NA,NA,,95% ethanol,Karim Mezali,,2007,5,7,0,0,0,,,NA,NA,,,,,Holothuroidea
2060,2,3853,Holothuriidae,Holothuria tubulosa,Holothuria,tubulosa,,805,M174,Mezali-005,,Algeria,,,Sidi Medjdoub,Sidi Medjdoub,NA,NA,NA,NA,,95% ethanol,Karim Mezali,,2007,5,7,0,0,0,,,NA,NA,,,,,Holothuroidea
2063,2,7418,Holothuriidae,Holothuria isuga,Holothuria,isuga,,0,Byrne-01,ZZZ-093474,,Australia,,,"One Tree Island, Great Barrier Reef","One Tree Island, Great Barrier Reef",NA,NA,NA,NA,,95% ethanol,Maria Byrne,,2007,11,NA,0,0,0,,,0,NA,,,,,Holothuroidea
2066,2,7421,Holothuriidae,Holothuria impatiens,Holothuria,impatiens,,NA,Ha CC-23,ZZZ-093475,Indian Ocean,Mascarene Islands,,,Reunion,St Gilles,NA,NA,NA,NA,,95% ethanol,C. Connand,,NA,NA,NA,0,0,0,,,NA,NA,,,,,Holothuroidea
2068,2,7814,Holothuriidae,Actinopyga agassizi,Actinopyga,agassizi,,809,FLK-15,FLK-St-01,Atlantic Ocean,USA,Florida,,"Little Duck Key, Boat Ramp on right just W of 7 mile bridge (Gulf Side)",Little Duck Key,NA,NA,NA,NA,75% ethanol,75% ethanol,"Robert Lasley, Arthur Anker, Sun Kim, Patricia Cabezas",hand collected,2008,9,6,0,0,0,"sea grass, silt",,0,2,meters,,,,Holothuroidea
2070,2,7804,Holothuriidae,Holothuria floridana,Holothuria,floridana,,809,FLK-St2-3,FLK-St-02,Atlantic Ocean,USA,Florida,,"Little Duck Key, Atlantic side, just east of Missouri Ohio Channel",Little Duck Key,NA,NA,NA,NA,75% ethanol,75% ethanol,"Robert Lasley, Arthur Anker, Sun Kim, Patricia Cabezas",hand collected,2008,9,6,0,0,0,"rubble, sea grass, lots of sponges esp logger head",,0,2,meters,,,,Holothuroidea
2079,2,4461,Holothuriidae,Holothuria unicolor,Holothuria,unicolor,,819,,ZZZ-093482,Atlantic Ocean,USA,Florida,Monroe Co.,"Big Pine Key, about 100 meters from shore",Big Pine Key,NA,NA,NA,NA,,75% ethanol,Gustav Paulay,,2006,NA,NA,0,NA,NA,,under rocks,2,NA,meters,,,,Holothuroidea
2104,2,7884,Phyllophoridae,Pentamera calcigera,Pentamera,calcigera,,822,MJKL-2,MJKL-St-01,Atlantic Ocean,USA,Georgia,,"Jekyll Island (near Brunswick), E side of island, off King Avenue beach access",Jekyll Island,NA,NA,NA,NA,,95% ethanol,Machel Malay & Jimmy Huang,,2008,12,16,0,0,0,,,0,NA,meters,,,,Holothuroidea
2174,2,8625,Holothuriidae,Holothuria pardalis,Holothuria,pardalis,,836,AUST-0861,AUST-ST-027,Pacific Ocean,Australia,Queensland,,"Lizard Island, first shallow bay E of Lumus beach",lizard island,NA,NA,NA,NA,95% ethanol,75% ethanol,Arthur Anker,hand collected,2009,2,12,0,0,0,shallow sand flat with rocks,under rock,0.2,0.7,meters,,,,Holothuroidea
2202,2,8172,Holothuriidae,Holothuria impatiens,Holothuria,impatiens,,836,AUST-0280,AUST-ST-010,Pacific Ocean,Australia,Queensland,,"Lizard Island, northern lagoon",lizard island,NA,NA,NA,NA,95% ethanol,75% ethanol,Robert Lasley,hand,2009,2,9,NA,NA,NA,sand rubble with scattered coral,rubble and under rocks,0,2,meters,,ESU2,,Holothuroidea
2218,2,8283,Holothuriidae,Labidodemas,Labidodemas,,,836,AUST-0824,AUST-ST-036,Pacific Ocean,Australia,Queensland,,"Lizard Island, 50 m W of Lumus beach",lizard island,NA,NA,NA,NA,95% ethanol,75% ethanol,"Arthur Anker, Stephanie Mifsud",hand and yabby pump,2009,2,13,NA,NA,NA,"reef flat, sediments","under large rubble/rocks, in burrows",1,1,meters,,,,Holothuroidea
2222,2,8305,Holothuriidae,Bohadschia koellikeri,Bohadschia,koellikeri,,836,AUST-0885,AUST-ST-038,Pacific Ocean,Australia,Queensland,,"Lizard Island, Hicks Reef",lizard island,NA,NA,NA,NA,95% ethanol,75% ethanol,"Molly Timmers, Greg Coleman, Charlotte Watson",hand,2009,2,14,NA,NA,NA,fore reef,in sand under rock,0,15,meters,,,,Holothuroidea
2223,2,8341,Holothuriidae,Holothuria arenicola,Holothuria,arenicola,?,836,AUST-0940,AUST-ST-041,,Australia,Queensland,,"Waining Reef, 1st snorkeling site",Waining Reef,NA,NA,NA,NA,95% ethanol,75% ethanol,"Arthur Anker, Robert Lasley","hand, dip net",2009,2,15,NA,NA,NA,"back reef flat, corals, rubble on sand",under rocks and in rubble,2,3,meters,,,,Holothuroidea
2225,2,8342,Holothuriidae,Holothuria pervicax,Holothuria,pervicax,,836,AUST-0942,AUST-ST-042,,Australia,Queensland,,"Waining Reef, 2nd snorkeling site",Waining Reef,NA,NA,NA,NA,95% ethanol,75% ethanol,"Robert Lasley, Arthur Anker","hand, dip net",2009,2,15,NA,NA,NA,"back reef flat, corals, rubble on sand",under rocks and in rubble,2,3,meters,,,,Holothuroidea
2227,2,8317,Holothuriidae,Labidodemas pertinax,Labidodemas,pertinax,,836,AUST-0899,AUST-ST-043,,Australia,Queensland,,"Waining Reef, 1st dive site",Waining Reef,NA,NA,NA,NA,95% ethanol,75% ethanol,"François Michonneau, Molly Timmers",hand,2009,2,15,NA,NA,NA,"sandy reef bottom/slope, lots of rubble",under rocks and on rubble,4,6,meters,,,,Holothuroidea
2228,2,8316,Holothuriidae,Holothuria hawaiiensis,Holothuria,hawaiiensis,,836,AUST-0898,AUST-ST-044,Pacific Ocean,Australia,Queensland,,Lizard Island,lizard island,NA,NA,NA,NA,95% ethanol,75% ethanol,Molly Timmers,hand,2009,2,14,NA,NA,NA,,under rocks,NA,NA,,,odd near hawaiiensis one,,Holothuroidea
2229,2,8405,Stichopodidae,Stichopus sp 2,Stichopus,sp 2,,836,AUST-1234,AUST-ST-045,,Australia,Queensland,,"Waining Reef, 2nd dive site",Waining Reef,NA,NA,NA,NA,95% ethanol,75% ethanol,"François Michonneau, Molly Timmers",hand,2009,2,15,NA,NA,NA,"sandy reef bottom/slope, lots of rubble",under and on rocks,5,8,meters,,,,Holothuroidea
2279,2,8516,Holothuriidae,Holothuria hilla,Holothuria,hilla,,836,AUST-1710,AUST-ST-083,Pacific Ocean,Australia,Queensland,,"Lizard Island, Casuarina Beach",lizard island,NA,NA,NA,NA,95% ethanol,75% ethanol,Arthur Anker,"hand, dip net",2009,2,23,NA,NA,NA,"sand flat with rocks, corals, rubble",under massive rocks,1,2,meters,,,,Holothuroidea
2283,2,8535,Cucumariidae,Cucumariidae,Cucumariidae,,,836,AUST-1793,AUST-ST-089,Pacific Ocean,Australia,Queensland,,"Lizard Island, Snake Pit station 2",lizard island,NA,NA,NA,NA,95% ethanol,75% ethanol,"Shawn Smith, Kade Mills, Gary Cranitch","hand, rubble extraction",2009,2,24,NA,NA,NA,fore reef,coral rubble,15,15,meters,,,,Holothuroidea
2284,2,8610,Holothuriidae,Holothuria fuscopunctata,Holothuria,fuscopunctata,,836,AUST-1937,AUST-ST-091,Pacific Ocean,Australia,Queensland,,"Lizard Island, off North Point",lizard island,NA,NA,NA,NA,95% ethanol,75% ethanol,Shawn Smith,,2009,2,25,NA,NA,NA,Halimeda clumps,exposed,30,NA,meters,,,,Holothuroidea
2336,2,8862,Holothuriidae,Holothuria bacilla,Holothuria,bacilla,,837,,ZZZ-093523,Pacific Ocean,New Caledonia,New Caledonia,,Parc du Vallon dore,Vallon Doré,NA,NA,NA,NA,,75% ethanol,François Michonneau,,2009,3,16,0,0,0,high intertidal,under rock,NA,NA,,,,,Holothuroidea
2353,2,8906,Phyllophoridae,Thyone benti,Thyone,benti,aff.,NA,BFHL_645,GP-2009-BDS,,USA,Washington,San Juan County,off Friday Harbor Laboratory,Friday Harbor Laboratory,NA,NA,NA,NA,75% ethanol,75% ethanol,G. Paulay,,2009,NA,NA,NA,NA,NA,,,NA,NA,,,,,Holothuroidea
2388,2,9690,Holothuriidae,Labidodemas maccullochi,Labidodemas,maccullochi,,838,,Anker-029,Pacific Ocean,Panama,,,"Taboga, Taboga channel",taboga island ,NA,NA,NA,NA,ethanol,75% ethanol,Arthur Anker et al.,,2007,2,21,0,0,0,,,NA,NA,,,,,Holothuroidea
2399,2,9025,Holothuriidae,Holothuria notabilis,Holothuria,notabilis,,NA,,ZZZ-093530,Pacific Ocean,Singapore,,,Cyrene Reef,Cyrene Reefs,NA,NA,NA,NA,,95% ethanol,S.J. Tan,,2009,3,10,NA,NA,NA,seagrass meadow,,NA,NA,,,,,Holothuroidea
2556,2,9096,Holothuriidae,Actinopyga mauritiana,Actinopyga,mauritiana,,868,AUST-3575,NIN09-St-00,Pacific Ocean,Australia,Western Australia,,Ningaloo Reef,"-22° 40.452', 113° 40.381'",NA,NA,NA,NA,95% ethanol,75% ethanol,,,2009,5,NA,0,0,NA,,,NA,NA,,,,,Holothuroidea
2659,2,9698,Holothuriidae,Holothuria arenicola,Holothuria,arenicola,,883,EG008,Anker-Egypt-01,,Egypt,,,"Red Sea coast, ~10 km N of Hurghada (Al-Ghardaqa), near Moussa Shrimp and Fish farm",hurghada,NA,NA,NA,NA,ethanol,75% ethanol,Arthur Anker,,2009,9,3,0,0,0,intertidal sand & mud flats,"some rocks and rubble, patchy seagrass",NA,NA,,,low tide; no ossicles in long muscle,,Holothuroidea
2669,2,9700,Holothuriidae,Holothuria jousseaumei,Holothuria,jousseaumei,cf.,883,EG071,Anker-Egypt-05,,Egypt,,,"Red Sea coast, ~40 km S of Hurghada (Al-Ghardaqa), 15 km N of Safaga, Soma Bay",hurghada,NA,NA,NA,NA,ethanol,75% ethanol,Arthur Anker,dip net and/or yabby pump,2009,9,5,0,0,0,"small shallow bay, abundant rocks, rubble, coral,",Caulerpa; under rocks/rubble and/or in burrow,0.5,1,metesr,,,,Holothuroidea
2670,2,13248,Holothuriidae,Holothuria lineata,Holothuria,lineata,,883,,Anker-Egypt-08,,Egypt,,,"Sinai, Aqaba Gulf, Dahab, opposite coast from lagoon",Aqaba Gulf,NA,NA,NA,NA,ethanol,75% ethanol,Arthur Anker,hand and dip net collected,2009,9,8,0,0,0,"back reef flat, numerous Diadema clusters",under rocks/rubble,1,2,meters,,,,Holothuroidea
2674,2,9681,Sclerodactyllidae,Ohshimella castanea,Ohshimella,castanea,,881,,Tardy-001,,New Caledonia,New Caledonia,,"Nouméa, Baie des Citrons","Baie des Citrons, Noumea",NA,NA,NA,NA,,75% ethanol,Emmanuel Tardy,,2008,12,NA,0,0,NA,,,NA,NA,,,,,Holothuroidea
2676,2,9683,Holothuriidae,Bohadschia,Bohadschia,,,881,,Tardy-003,,Palau,,,Koror or Airai,,NA,NA,NA,NA,,75% ethanol,Emmanuel Tardy,,2007,4,9,0,0,6,,,NA,NA,,,piece of body wall only,,Holothuroidea
2865,2,9667,Holothuriidae,Holothuria impatiens,Holothuria,impatiens,,905,94-22,Hickman-001,Pacific Ocean,Ecuador,Galapagos Islands,,"Santa Cruz, Punta Estrada","Santa Cruz, Punta Estrada",NA,NA,NA,NA,,75% ethanol,"Cleveland P. Hickman, Jr.",,1994,4,29,0,0,0,coral sand bottom,under rocks,30,40,feet,,,,Holothuroidea
2866,2,9650,Holothuriidae,Holothuria zihuatanensis,Holothuria,zihuatanensis,,905,94-57,Hickman-002,Pacific Ocean,Ecuador,Galapagos Islands,,"Isla Isabela, Tagus Cove","Isla Isabela, Tagus Cove",NA,NA,NA,NA,,75% ethanol,"Cleveland P. Hickman, Jr.",,1994,5,5,0,0,0,,under rock,20,NA,feet,,,,Holothuroidea
2868,2,9665,Holothuriidae,Holothuria theeli,Holothuria,theeli,,905,94-70,Hickman-003,Pacific Ocean,Ecuador,Galapagos Islands,,"Isla Isabela, Punta Moreno","Isla Isabela, Punta Moreno",NA,NA,NA,NA,,75% ethanol,"Cleveland P. Hickman, Jr.",,1994,5,6,0,0,0,mid-littoral,,NA,NA,,,sponge on body,,Holothuroidea
2869,2,9666,Holothuriidae,Holothuria theeli,Holothuria,theeli,,905,94-13,Hickman-004,Pacific Ocean,Ecuador,Galapagos Islands,,"Santa Cruz, Academy Bay, in front of Charles Darwin Research Station director's house","Academy Bay, Santa Cruz",NA,NA,NA,NA,,95% ethanol,"Cleveland P. Hickman, Jr.",,1994,4,29,0,0,0,high littoral,under rock,NA,NA,,,,,Holothuroidea
2870,2,9672,Stichopodidae,Isostichopus fuscus,Isostichopus,fuscus,,905,96-19,Hickman-005,Pacific Ocean,Ecuador,Galapagos Islands,,"San Cristobal, Kicker Rock",San Cristobal,NA,NA,NA,NA,,75% ethanol,"Cleveland P. Hickman, Jr.",,1996,5,5,0,0,0,,under rock,21,NA,meters,,,,Holothuroidea
2871,2,9671,Stichopodidae,Stichopus horrens,Stichopus,horrens,,905,98-519,Hickman-006,Pacific Ocean,Ecuador,Galapagos Islands,,Devil's Crown,Floreana Island,NA,NA,NA,NA,,75% ethanol,"Cleveland P. Hickman, Jr.",,1998,8,18,0,0,0,,,35,45,feet,,,,Holothuroidea
2875,2,9669,Holothuriidae,Holothuria zihuatanensis,Holothuria,zihuatanensis,,905,,Hickman-007,Pacific Ocean,Ecuador,Galapagos Islands,,"Santa Cruz, Academy Bay, near Charles Darwin Research Station","Academy Bay, Santa Cruz",NA,NA,NA,NA,,75% ethanol,"Cleveland P. Hickman, Jr.",,1990,4,NA,0,0,NA,,,NA,NA,,,,,Holothuroidea
2877,2,9113,Stichopodidae,Stichopus horrens,Stichopus,horrens,,905,97-360,Hickman-008,Pacific Ocean,Ecuador,Galapagos Islands,,"Isla Isabela, Cabo Marshall",Isla Isabela,NA,NA,NA,NA,,75% ethanol,"Cleveland P. Hickman, Jr.",scuba,1997,8,24,0,0,0,,,20,NA,feet,,,,Holothuroidea
2882,2,9641,Holothuriidae,Holothuria impatiens,Holothuria,impatiens,,905,97-32,Hickman-009,Pacific Ocean,Ecuador,Galapagos Islands,,"Gardner Island, Española",Gardner Island,NA,NA,NA,NA,,75% ethanol,"Cleveland P. Hickman, Jr.",,1997,3,8,0,0,0,,,50,60,feet,,,,Holothuroidea
2883,2,9657,Holothuriidae,Holothuria theeli,Holothuria,theeli,,905,96-23,Hickman-010,Pacific Ocean,Ecuador,Galapagos Islands,,Punta Pitt,San Cristobal,NA,NA,NA,NA,,75% ethanol,"Cleveland P. Hickman, Jr.",,1996,5,5,0,0,0,intertidal,under rocks,NA,NA,,,,,Holothuroidea
2884,2,9655,Holothuriidae,Holothuria impatiens,Holothuria,impatiens,,905,94-51,Hickman-011,Pacific Ocean,Ecuador,Galapagos Islands,,"Cabo Douglas, Isla Fernandina",Isla Fernandina,NA,NA,NA,NA,,75% ethanol,"Cleveland P. Hickman, Jr.",scuba,1994,5,4,0,0,0,,"under rock, covered with sand",30,NA,feet,,no UP (underwater photo?),,Holothuroidea
2885,2,9636,Holothuriidae,Holothuria atra,Holothuria,atra,,905,98-66,Hickman-012,Pacific Ocean,Ecuador,Galapagos Islands,,"Isla Isabela, Cartago Bay",Isla Isabela,NA,NA,NA,NA,,75% ethanol,"Cleveland P. Hickman, Jr.",scuba,1998,2,8,0,0,0,,exposed,15,NA,feet,,,,Holothuroidea
2886,2,9670,Stichopodidae,Stichopus horrens,Stichopus,horrens,,905,97-113,Hickman-013,Pacific Ocean,Ecuador,Galapagos Islands,,Rabida,Rabida,NA,NA,NA,NA,,75% ethanol,"Cleveland P. Hickman, Jr.",night dive,1997,3,13,0,0,0,,,15,40,feet,,,,Holothuroidea
2887,2,9658,Holothuriidae,Holothuria imitans,Holothuria,imitans,,905,96-12,Hickman-014,Pacific Ocean,Ecuador,Galapagos Islands,,Punta Espinosa,Isla Fernandina,NA,NA,NA,NA,,75% ethanol,"Cleveland P. Hickman, Jr.",,1996,5,2,0,0,0,,under rock,12,NA,meters,,,,Holothuroidea
2891,2,9117,Holothuriidae,Holothuria casoae,Holothuria,casoae,cf.,905,98-17,Hickman-016,Pacific Ocean,Ecuador,Galapagos Islands,,"Isla Isabela, Elizabeth Bay",Isla Isabela,NA,NA,NA,NA,,75% ethanol,"Cleveland P. Hickman, Jr.",scuba,1998,2,4,0,0,0,,under rock,NA,NA,,,13 cm,,Holothuroidea
2894,2,9642,Holothuriidae,Holothuria difficilis,Holothuria,difficilis,,905,95-8,Hickman-017,Pacific Ocean,Ecuador,Galapagos Islands,,Punta Cormorant,Floreana Island,NA,NA,NA,NA,,75% ethanol,"Cleveland P. Hickman, Jr.",night dive,1995,5,22,0,0,0,,exposed,NA,NA,,,,,Holothuroidea
2895,2,9649,Holothuriidae,Holothuria difficilis,Holothuria,difficilis,,905,96-5,Hickman-018,Pacific Ocean,Ecuador,Galapagos Islands,,"Isla Darwin, N side",Isla Darwin,NA,NA,NA,NA,,75% ethanol,"Cleveland P. Hickman, Jr.",,1996,4,29,0,0,0,,under rock,12,NA,meters,,,,Holothuroidea
2896,2,9114,Holothuriidae,Holothuria hilla,Holothuria,hilla,,905,98-536,Hickman-019,Pacific Ocean,Ecuador,Galapagos Islands,,S channel,Galapagos,NA,NA,NA,NA,,75% ethanol,"Cleveland P. Hickman, Jr.",,1998,8,20,0,0,0,,under rocks,15,NA,feet,,~15 cm,,Holothuroidea
2897,2,9635,Holothuriidae,Holothuria hilla,Holothuria,hilla,,905,99-29,Hickman-020,Pacific Ocean,Ecuador,Galapagos Islands,,Isla Marielas,Isla Marielas,NA,NA,NA,NA,,75% ethanol,R. Bustamante,,1999,5,31,0,0,0,,under rock,10,15,feet,,,,Holothuroidea
2898,2,9645,Holothuriidae,Holothuria theeli,Holothuria,theeli,,905,91-36,Hickman-021,Pacific Ocean,Ecuador,Galapagos Islands,,"Isla Isabela, Punta Albemarle",Isla Isabela,NA,NA,NA,NA,,75% ethanol,"Cleveland P. Hickman, Jr.",,1991,6,23,0,0,0,,,NA,NA,,,"entire, but dried out during storage",,Holothuroidea
2899,2,9651,Stichopodidae,Isostichopus fuscus,Isostichopus,fuscus,,905,98-503,Hickman-022,Pacific Ocean,Ecuador,Galapagos Islands,,Champion,Isla Campeon,NA,NA,NA,NA,,75% ethanol,"Cleveland P. Hickman, Jr.",,1998,8,17,0,0,0,,,NA,NA,,,5 cm,,Holothuroidea
2900,2,9660,Holothuriidae,Holothuria theeli,Holothuria,theeli,,905,94-7,Hickman-023,Pacific Ocean,Ecuador,Galapagos Islands,,"Santa Cruz, Academy Bay, near Charles Darwin Research Station dining hall","Academy Bay, Santa Cruz",NA,NA,NA,NA,,75% ethanol,"Cleveland P. Hickman, Jr.",,1994,4,27,0,0,0,"beach, low littoral",under stone,NA,NA,,,,,Holothuroidea
2902,2,9643,Holothuriidae,Holothuria lineata,Holothuria,lineata,,905,95-21c,Hickman-024,Pacific Ocean,Ecuador,Galapagos Islands,,"Santa Cruz, Academy Bay","Academy Bay, Santa Cruz",NA,NA,NA,NA,,75% ethanol,"Cleveland P. Hickman, Jr. & W.C. Ober",,1995,5,29,0,0,0,low littoral,in sand,NA,NA,,,,,Holothuroidea
2909,2,4469,Holothuriidae,Holothuria tubulosa,Holothuria,tubulosa,,873,MPERP-3,Romans-001,,France,,,"Mediterranean Sea, near Perpignan",Perpignan,NA,NA,NA,NA,,75% ethanol,Pascal Romans,,2006,NA,NA,0,NA,NA,,,0,25,meters,,,,Holothuroidea
2931,2,10749,Stichopodidae,Stichopus ocellatus,Stichopus,ocellatus,,NA,PICRC-ECH-032,PICRC,Pacific Ocean,Palau,,,Palau,,NA,NA,NA,NA,,75% ethanol,,,NA,NA,NA,NA,NA,NA,,,NA,NA,,,,,Holothuroidea
2933,2,10860,Holothuriidae,Holothuria glaberrima,Holothuria,glaberrima,,913,"SM472, SM470, SM468, SM473, SM471, SM469",Baylor-008,Atlantic Ocean,Puerto Rico,,,coral reef at La Parguera,La Parquera,NA,NA,NA,NA,isopropanol,75% ethanol,Bryce C. Brown,,1965,7,NA,0,0,NA,,,NA,NA,,,,,Holothuroidea
3091,2,11095,Synaptidae,Opheodesoma,Opheodesoma,,,NA,FMOK11-0267,FMOK11-St-48,,Japan,Ryukyus,Iriomote Island,Funaura Bay,Funaura,NA,NA,NA,NA,,95% ethanol,"T. Naruse, D. Uyeno, Y. Kitano",,2011,8,21,0,0,0,,,NA,NA,,,,,Holothuroidea
3092,2,11144,Stichopodidae,Eostichopus arnesoni,Eostichopus,arnesoni,,928,,RRW-006,Atlantic Ocean,Belize,,,"South Reef, 1.5 mi S of Carrie Bow Station",Carrie Bow Cay Field Station,NA,NA,NA,NA,70% ethanol,75% ethanol,Raphael Ritson-Williams,,2011,9,24,0,0,0,,,27,NA,meters,,,,Holothuroidea
3109,2,11310,Holothuriidae,Actinopyga,Actinopyga,,,937,AK0033,Kerr-002,Pacific Ocean,Federated States of Micronesia,Caroline Islands,Yap Island,162 Yap,,NA,NA,NA,NA,denatured ethanol,75% ethanol,Emmanuel Tardy,,2009,9,25,0,0,0,,,NA,NA,,,"eviscerated, olive green with black stripes",,Holothuroidea
3118,2,11307,Synaptidae,Polyplectana,Polyplectana,,?,937,CHK-SK-016,Kerr-012,Pacific Ocean,Federated States of Micronesia,Caroline Islands,Chuuk Island,Station 2,,NA,NA,NA,NA,denatured 95% ethanol,75% ethanol,Sun Kim,,2011,NA,NA,0,NA,NA,,,NA,NA,,,,,Holothuroidea
3119,2,11306,Synaptidae,Opheodesoma grisea,Opheodesoma,grisea,,937,CHK-SK-022,Kerr-013,Pacific Ocean,Federated States of Micronesia,Caroline Islands,Chuuk Island,Station 5,,NA,NA,NA,NA,denatured 95% ethanol,75% ethanol,Sun Kim,,2011,NA,NA,0,NA,NA,,,NA,NA,,,,,Holothuroidea
3129,2,11290,Holothuriidae,Actinopyga,Actinopyga,,,937,AK0033 (field label AK0032),Kerr-021,Pacific Ocean,Federated States of Micronesia,Caroline Islands,Yap Island,Station 16,,NA,NA,NA,NA,denatured 95% ethanol,75% ethanol,Emmanuel Tardy,,2009,9,25,0,0,0,,,NA,NA,,,green brown w/transverse black stripes on dorsum,,Holothuroidea
3130,2,11294,Holothuriidae,Holothuria roseomaculata,Holothuria,roseomaculata,,937,AK0031,Kerr-022,Pacific Ocean,Federated States of Micronesia,Caroline Islands,Yap Island,"outside Colonia Harbor, Station 1",,NA,NA,NA,NA,denatured 95% ethanol,75% ethanol,Emmanuel Tardy,,2009,9,25,0,0,0,in seagrass,on sand,1,1,meters,,"blue-black w/pink papillae, eviscerated",,Holothuroidea
3187,2,11161,Stichopodidae,Eostichopus arnesoni,Eostichopus,arnesoni,,928,,RRW-007,Atlantic Ocean,Belize,,,Carrie Bow Cay,Carrie Bow Cay Field Station,NA,NA,NA,NA,,75% ethanol,Raphael Ritson-Williams,,2012,4,28,0,0,0,forereef,,80,80,feet,,with carapidae,,Holothuroidea
3409,2,11324,Holothuriidae,"Holothuria sp. ""pentard""",Holothuria,"sp. ""pentard""",,NA,,Koike-Mahe Plateau,,Seychelles,,,Mahe Plateau,Mahe,NA,NA,NA,NA,,75% ethanol,Hal Koike,,NA,NA,NA,NA,NA,NA,,,NA,NA,feet,,,,Holothuroidea
3428,2,12332,Stichopodidae,Stichopus variegatus,Stichopus,variegatus,,963,UGI-2388,UGI-Station-32,,Federated States of Micronesia,Caroline Islands,Chuuk State,"Dublon, W side of causeway",Dublon,NA,NA,NA,NA,,75% ethanol,R. H. Randall,,1977,4,5,NA,NA,NA,"lagoon fringing reef slope, on rubble/sand substra",,14,NA,meters,,,,Holothuroidea
3429,2,12272,Stichopodidae,Stichopus,Stichopus,,,963,UGI-2309,UGI-Station-335,,Federated States of Micronesia,Caroline Islands,Pohnpei State,Langar Island,Langar Island,NA,NA,NA,NA,,75% ethanol,R. Dickinson,,1976,8,11,NA,NA,NA,"in sea grass bed, north side of Langar Is.",,NA,NA,,,,,Holothuroidea
3430,2,12354,Holothuriidae,Actinopyga miliaris,Actinopyga,miliaris,,963,UGI-5752,UGI-Station-336,,Federated States of Micronesia,Caroline Islands,Kosrae State,Leluh,Leluh,NA,NA,NA,NA,,75% ethanol,Alex Kerr,,1992,7,1,NA,NA,NA,"inner reef flat, on sand",,0,1,meters,,,,Holothuroidea
3436,2,12318,Stichopodidae,Stichopus,Stichopus,,,963,UGI-2369,UGI-Station-352,,Federated States of Micronesia,Caroline Islands,Pohnpei State,N side of Langar Island,Langar Island,NA,NA,NA,NA,,75% ethanol,R. Dickinson,,1976,8,11,NA,NA,NA,in seagrass bed,,NA,NA,,,,,Holothuroidea
3437,2,12320,Stichopodidae,Stichopus,Stichopus,,,963,UGI-2372,UGI-Station-353,,Federated States of Micronesia,Caroline Islands,Pohnpei State,N side of Takatik Island,Takatik Island,NA,NA,NA,NA,,75% ethanol,R. Dickinson,,1976,8,10,NA,NA,NA,"sandy reef flat adjacent to mangrove forest, natur",,NA,NA,feet,,,,Holothuroidea
3439,2,12286,Holothuriidae,Holothuria,Holothuria,,,963,UGI-2327,UGI-Station-354,,Federated States of Micronesia,Caroline Islands,Pohnpei State,Nan Madol,Nan Madol,NA,NA,NA,NA,,75% ethanol,R. Dickinson,,1976,8,7,NA,NA,NA,sandy substrate in Enhalus bed,,NA,NA,,,,,Holothuroidea
3441,2,12270,Holothuriidae,Holothuria roseomaculata,Holothuria,roseomaculata,,963,UGI-2307,UGI-Station-356,,Federated States of Micronesia,Caroline Islands,Pohnpei State,"Nan Madol, near Nan Madol",Nan Madol,NA,NA,NA,NA,10% formalin,75% ethanol,R. Dickinson,,1976,8,1,NA,NA,NA,"Enhalis bed, sandy substrate",,1,NA,meters,,,,Holothuroidea
3442,2,12326,Holothuriidae,Holothuria coluber,Holothuria,coluber,,963,UGI-2382a,UGI-Station-384,,Federated States of Micronesia,Caroline Islands,Pohnpei State,Pohnpei,,NA,NA,NA,NA,,dry,R. Strong,,1975,12,NA,NA,NA,NA,,,NA,NA,,,living color black w/bright yellow papillae & tube feet; anterior & anus ends only; ca. 30 dm long,,Holothuroidea
3443,2,12364,Holothuriidae,Holothuria impatiens,Holothuria,impatiens,,963,UGI-5763,UGI-Station-411,,Micronesia,Caroline Islands,Kosrae State,Sialat,"5° 22.276', 163° 0.742'",NA,NA,NA,NA,,75% ethanol,Alex Kerr,,1992,8,22,NA,NA,NA,"reef flat, under coralline cobbles and Porites lut",,0,1,meters,,,,Holothuroidea
3453,2,12319,Holothuriidae,Holothuria flavomaculata,Holothuria,flavomaculata,,963,UGI-2370,UGI-Station-417,,Federated States of Micronesia,Caroline Islands,Yap State,"Tamil Channel, Tamil side",Tomil,NA,NA,NA,NA,,75% ethanol,P. O'Brien,,1976,3,24,NA,NA,NA,,,NA,NA,,,,,Holothuroidea
3454,2,12274,Stichopodidae,Stichopus variegatus,Stichopus,variegatus,,963,UGI-2311,UGI-Station-423,,Federated States of Micronesia,Caroline Islands,Yap State,Tomil Harbor,Tomil,NA,NA,NA,NA,,75% ethanol,C. Birkeland,,1977,3,5,NA,NA,NA,"in crevice on reef margin, half-way between legisl",,NA,NA,,,,,Holothuroidea
3455,2,12333,Holothuriidae,Actinopyga echinites,Actinopyga,echinites,,963,UGI-2406,UGI-Station-425,,Federated States of Micronesia,Caroline Islands,Yap State,"Tomil Harbor, off Pekel Island",Paakeal Island,NA,NA,NA,NA,,75% ethanol,D. A. Grosenbaugh,,1977,7,9,NA,NA,NA,Enhalis-Thalassia bed on sandy substrate,,1,NA,meter,,,,Holothuroidea
3458,2,12285,Holothuriidae,Holothuria difficilis,Holothuria,difficilis,,963,UGI-2326,UGI-Station-33,,Marshall Islands,,,"Enewetak Atoll, seaward side",Enewetak Atoll,NA,NA,NA,NA,,75% ethanol,R. H. Randall,,1976,12,6,NA,NA,NA,"reef flat, in pools 2-3 cm deep at low tide, under",,NA,NA,,,,,Holothuroidea
3459,2,12411,Stichopodidae,Thelenota rubralineata,Thelenota,rubralineata,,963,UGI-6681,UGI-Station-31,,Northern Mariana Islands,Mariana Islands,,Catalan Bank,Northern Mariana Islands,NA,NA,NA,NA,,75% ethanol,P. J. Schupp,,NA,NA,NA,NA,NA,NA,steep slope at night,,61,NA,meters,,,,Holothuroidea
3460,2,12299,Holothuriidae,Holothuria edulis,Holothuria,edulis,,963,UGI-2347,UGI-Station-342,Pacific Ocean,Northern Mariana Islands,Mariana Islands,Maug Island,Maug,Maug,NA,NA,NA,NA,,75% ethanol,J. Doty,,1975,7,9,NA,NA,NA,,,60,NA,feet,,,,Holothuroidea
3461,2,12313,Synaptidae,Synapta maculata,Synapta,maculata,,963,UGI-2363,UGI-Station-344,,Northern Mariana Islands,Mariana Islands,Maug Island,"Maug, East Island",east island maug,NA,NA,NA,NA,,75% ethanol,J. Doty,,1975,7,10,NA,NA,NA,"lagoon side, rubble zone",,30,NA,feet,,,,Holothuroidea
3463,2,12279,Holothuriidae,Holothuria hilla,Holothuria,hilla,,963,UGI-2318,UGI-Station-345,,Northern Mariana Islands,Mariana Islands,Maug Island,"Maug, lagoon side of East Island, transect station",east island maug,NA,NA,NA,NA,,75% ethanol,J. Doty,,1975,7,10,NA,NA,NA,"on black sand, under rounded rocks ca. 0.5-1 ft di",,NA,NA,feet,,,,Holothuroidea
3464,2,12268,Stichopodidae,Stichopus chloronotus,Stichopus,chloronotus,,963,UGI-2305,UGI-Station-346,,Northern Mariana Islands,Mariana Islands,Maug Island,"Maug, New World station 22",Maug,NA,NA,NA,NA,,dry,J. Doty,,1975,10,13,NA,NA,NA,,,NA,NA,,,Alcohol evap.,,Holothuroidea
3465,2,12213,Holothuriidae,Holothuria fuscopunctata,Holothuria,fuscopunctata,,963,UGI-0201,UGI-Station-368,,Northern Mariana Islands,Mariana Islands,Pagan Island,"Pagan, N side of Sengan Penninsula",Pagan,NA,NA,NA,NA,,75% ethanol,"J. Doty, R. Rechebei",,1975,7,6,NA,NA,NA,sand bottom,,NA,NA,,,,,Holothuroidea
3467,2,12316,Synaptidae,Synapta maculata,Synapta,maculata,,963,UGI-2367,UGI-Station-388,,Northern Mariana Islands,Mariana Islands,Saipan Island,Saipan,Pagan,NA,NA,NA,NA,,75% ethanol,B. Fitial,,1966,8,4,NA,NA,NA,,,NA,NA,,,,,Holothuroidea
3468,2,12271,Stichopodidae,Stichopus,Stichopus,,,963,UGI-2308,UGI-Station-396,,Northern Mariana Islands,Mariana Islands,Saipan Island,"Saipan, Tanapag Harbor",Tanapag,NA,NA,NA,NA,,75% ethanol,J. Doty,,1975,11,29,NA,NA,NA,"ca. 40 m seaward from range light, exposed on sand",,NA,NA,,,,,Holothuroidea
3469,2,12280,Holothuriidae,Holothuria hilla,Holothuria,hilla,,963,UGI-2319,UGI-Station-21,,Palau,Koror State,,Arakabesan Island,Arakabesan Island,NA,NA,NA,NA,,75% ethanol,S. Ohta,,1976,8,12,NA,NA,NA,"intertidal, under coral bolder",,NA,NA,,,,,Holothuroidea
3471,2,12305,Holothuriidae,Actinopyga,Actinopyga,,,963,UGI-2353,UGI-Station-334,,Palau,Koror State,,"Koror, Station Harbor",station harbor,NA,NA,NA,NA,,75% ethanol,S. Ohta,,1976,8,24,NA,NA,NA,"under coral boulder, edge of Enhalus bed",,NA,NA,,,,,Holothuroidea
3472,2,12412,Holothuriidae,Holothuria flavomaculata,Holothuria,flavomaculata,,963,UGI-6682,UGI-Station-339,,Palau,Koror State,,"Malakal Harbor, patch reef due west",Malakal Harbor,NA,NA,NA,NA,,75% ethanol,Alex Kerr,,1990,NA,NA,NA,NA,NA,sand flat at night,,6,NA,meters,,,,Holothuroidea
3473,2,12317,Holothuriidae,Holothuria flavomaculata,Holothuria,flavomaculata,,963,UGI-2368,UGI-Station-34,,Palau,Koror State,,Gerheru gairu Passage,,NA,NA,NA,NA,,75% ethanol,,,1976,8,3,NA,NA,NA,Caulerpa meadow,,0,2,meters,,,,Holothuroidea
3474,2,12308,Holothuriidae,Bohadschia vitiensis,Bohadschia,vitiensis,,963,UGI-2357,UGI-Station-340,,Palau,Koror State,,"Malakal Island, Micronesian Mariculture Demonstration Center",Malakal Island,NA,NA,NA,NA,,75% ethanol,,,1976,8,19,NA,NA,NA,in coarse sand,,NA,NA,,,,,Holothuroidea
3477,2,12291,Holothuriidae,Holothuria impatiens,Holothuria,impatiens,,963,UGI-2333,UGI-Station-383,,Palau,Peleliu State,,"Peleliu, Bloody Beach",bloody beach Peleliu,NA,NA,NA,NA,,75% ethanol,C. Otto,,1966,8,14,NA,NA,NA,"under rock, sandy substrate",,NA,NA,,,,,Holothuroidea
3480,2,12370,Holothuriidae,Holothuria atra,Holothuria,atra,,963,UGI-5806,UGI-Station-387,,Palau,Koror State,,Rock Islands,Rock Islands,NA,NA,NA,NA,,75% ethanol,Alex Kerr,,1992,5,NA,NA,NA,NA,fringing reef,,0,2,meters,,,,Holothuroidea
3541,2,12407,Holothuriidae,Holothuria flavomaculata,Holothuria,flavomaculata,,963,UGI-6677,UGI-Station-337,,USA,Hawaii,Makah,Makah,Makah,NA,NA,NA,NA,75% ethanol,75% ethanol,Lisa Kirkendale,,1997,6,22,NA,NA,NA,,,5,NA,meters,,,,Holothuroidea
3610,2,12109,Stichopodidae,Thelenota ananas,Thelenota,ananas,,954,BDJRS-0588,DJRS-031,Indian Ocean,Saudi Arabia,,,Thuwal,Thuwal,NA,NA,NA,NA,,95% ethanol,Gustav Paulay,,2012,10,6,NA,NA,NA,seaward reef slope & front of shelf reef,,3,11,meters,,,,Holothuroidea
3614,2,12140,Holothuriidae,Holothuria nobilis,Holothuria,nobilis,,954,BDJRS-0717,DJRS-034,Indian Ocean,Saudi Arabia,,,"Thuwal, Al-Fahal reef",Thuwal,NA,NA,NA,NA,75% ethanol,75% ethanol,Gustav Paulay,,2012,10,8,NA,NA,NA,seaward reef slope & front of shelf reef,,1,37,meters,,,,Holothuroidea
3664,2,12717,Holothuriidae,Holothuria mexicana,Holothuria,mexicana,,913,,Brown-1965-07,,Puerto Rico,,,La Parguera,La Parguera,NA,NA,NA,NA,,75% ethanol,Bryce C. Brown,,1965,7,NA,0,0,0,,,NA,NA,,,,,Holothuroidea
3666,2,12716,Holothuriidae,Holothuria mexicana,Holothuria,mexicana,,913,,Brown-1973-07-31,North America,Mexico,Yucatan,,Celestún,Celestún,NA,NA,NA,NA,,75% ethanol,Bryce C. Brown et al.,,1973,7,31,0,0,0,,,NA,NA,,,,,Holothuroidea
3667,2,12715,Holothuriidae,Holothuria mexicana,Holothuria,mexicana,,913,,Brown-1973-08-06,North America,Mexico,Quintano Roo,,Puerto Juarez,Puerto Juarez,NA,NA,NA,NA,,75% ethanol,Bryce C. Brown et al.,,1973,8,6,0,0,0,,,NA,NA,,,,,Holothuroidea
3743,2,12638,Stichopodidae,Stichopus chloronotus,Stichopus,chloronotus,,NA,,Eldredge-1979-06-1,Pacific Ocean,Micronesia,Kosrae Island,Kosrae Island,"Okat , Northern Hole",Okat,NA,NA,NA,NA,,75% Ethanol,L. Eldredge,,1979,6,1,NA,NA,NA,,,NA,NA,,,,,Holothuroidea
3749,2,12612,Holothuriidae,Bohadschia vitiensis,Bohadschia,vitiensis,,NA,,Kropp-1979-05-24,Pacific Ocean,Micronesia,Kosrae Island,Kosrae Island,"Okat , Okat Reef flat, shallow south end",Okat,NA,NA,NA,NA,,75% Ethanol,R. K. Kropp,,1979,5,24,NA,NA,NA,reef flat,,NA,NA,,,,,Holothuroidea
3750,2,12657,Synaptidae,Euapta godeffroyi,Euapta,godeffroyi,,NA,,Kropp-1979-05-25,Pacific Ocean,Micronesia,Kosrae Island,Kosrae Island,Okat,Okat,NA,NA,NA,NA,,75% Ethanol,"Lucius Eldredge, Roy Kropp",,1979,5,25,NA,NA,NA,,,NA,NA,,,,,Holothuroidea
3751,2,12658,Holothuriidae,Holothuria impatiens,Holothuria,impatiens,,NA,,Kropp-1979-05-26a,Pacific Ocean,Micronesia,Kosrae Island,Kosrae Island,"Okat, transect 6",Okat,NA,NA,NA,NA,,75% Ethanol,R. K. Kropp,,1979,5,26,NA,NA,NA,,,48,NA,meters,,,,Holothuroidea
3754,2,12652,Holothuriidae,Holothuria edulis,Holothuria,edulis,,NA,,Kropp-1979-05-26b,Pacific Ocean,Micronesia,Kosrae Island,Kosrae Island,"Okat, transect 5",Okat,NA,NA,NA,NA,,75% Ethanol,R. K. Kropp,,1979,5,26,NA,NA,NA,,,NA,NA,,,,,Holothuroidea
3757,2,12611,Holothuriidae,Holothuria coluber,Holothuria,coluber,,NA,,Paulay-1996-03-14,Pacific Ocean,Palau,,,Nikko/Iwayana Bay,Nikko Bay,NA,NA,NA,NA,,75% Ethanol,Gustav Paulay,,1996,3,14,NA,NA,NA,"seagrass/ coral flat, 1m near shore",,1,NA,meters,,"tail tucked under rock, dark body with pair yellow tipped papillae, body tough and grity",,Holothuroidea
3768,2,12627,Holothuriidae,Holothuria edulis,Holothuria,edulis,,NA,,UGI-1993-5,Pacific Ocean,Marshall Islands,Majuro Atoll,Majuro Atoll,lagoon,,NA,NA,NA,NA,,75% Ethanol,,,1993,5,NA,NA,NA,NA,"lagoon reef , on silty sand",,4,NA,meters,,,,Holothuroidea
3769,2,13373,Holothuriidae,Actinopyga varians,Actinopyga,varians,,903,AUST-6597,HI09-000,Pacific Ocean,Australia,Queensland,,Heron Island,Heron Island,NA,NA,NA,NA,,75% ethanol,François Michonneau,,2009,11,NA,0,0,NA,,,NA,NA,,,"field number in jar matches to slipper lobster in spreadsheet, numbers mixed during packing?",,Holothuroidea
3774,2,12550,Holothuriidae,Labidodemas pertinax,Labidodemas,pertinax,?,NA,,JAS-SAI-130,Pacific Ocean,Northern Mariana Islands,,Saipan Island,outside Grand hotel,Grand Hotel,NA,NA,NA,NA,,75% ethanol,,,NA,NA,NA,NA,NA,NA,,,NA,NA,,,,,Holothuroidea
3777,2,12618,Holothuriidae,Holothuria atra,Holothuria,atra,aff.,NA,,PAG-12,Pacific Ocean,Northern Mariana Islands,Mariana Islands,Pagan Island,NW of island,Pagan,NA,NA,NA,NA,,75% ethanol,John Starmer,,2007,6,5,NA,NA,NA,,,41,60,feet,,,,Holothuroidea
3782,2,12521,Holothuriidae,Bohadschia ocellata,Bohadschia,ocellata,,NA,,Starmer-2011-07-06,,Northern Mariana Islands,,Saipan Island,"Laolao Bay, N side of bay",Magicienne Bay,NA,NA,NA,NA,,75% ethanol,,,2011,7,6,NA,NA,NA,forereef,,30,40,meters,,,,Holothuroidea
3783,2,12588,Holothuriidae,Labidodemas pertinax,Labidodemas,pertinax,?,NA,,Starmer-Chulu,,Northern Mariana Islands,,Tinian Island,Unai Chulu,,NA,NA,NA,NA,,75% ethanol,John Starmer,,NA,NA,NA,NA,NA,NA,,,NA,NA,,,,,Holothuroidea
3787,2,12909,Holothuriidae,Actinopyga echinites,Actinopyga,echinites,,NA,,Starmer-Kaneohe,,USA,Hawaii,Oahu,Kaneohe,Kaneohe,NA,NA,NA,NA,,75% ethanol,,,2006,8,NA,NA,NA,NA,,,NA,NA,,,,,Holothuroidea
3793,2,12552,Stichopodidae,Stichopus,Stichopus,,,NA,,Starmer-Pau Pau,,Northern Mariana Islands,,Saipan Island,Pau Pau Beach,Pau Pau Beach,NA,NA,NA,NA,,75% ethanol,,,2006,7,7,NA,NA,NA,Acropora,,NA,NA,,,,,Holothuroidea
3796,2,12563,Synaptidae,Euapta godeffroyi,Euapta,godeffroyi,,NA,,Starmer-Wing,,Northern Mariana Islands,,Saipan Island,Wing Beach,Wing Beach,NA,NA,NA,NA,,75% ethanol,,,NA,NA,NA,NA,NA,NA,,,NA,NA,,,,,Holothuroidea
3818,2,13242,Holothuriidae,Holothuria whitmaei,Holothuria,whitmaei,,NA,TUG-763,Andrefouet-Rangiroa,,French Polynesia,Tuamotu Archipelago,,Rangiroa Atoll,Rangiroa Atoll,NA,NA,NA,NA,95% ethanol,95% ethanol,Serge Andrefouet,,2013,NA,NA,NA,NA,NA,,,NA,NA,,,black,,Holothuroidea
3834,2,13331,Holothuriidae,Bohadschia marmorata,Bohadschia,marmorata,,982,ID#37,Clouse-2002-Temwen,Pacific Ocean,Federated States of Micronesia,Caroline Islands,Pohnpei Island,around Temwen Island,Temwen Island,NA,NA,NA,NA,,75% ethanol,"Ron Clouse, Daniel Janies",,2002,12,3,NA,NA,NA,"in sea grass and Halimeda, near mangrove",,NA,NA,,,Dna extracted on 8-jan-03 jk,,Holothuroidea
3851,2,13366,Holothuriidae,Actinopyga,Actinopyga,,,982,ID#04,Clouse-2002-Manguuy,Pacific Ocean,Federated States of Micronesia,Caroline Islands,Yap Island,"Manguuy Bay, near causeway between Maap and Tomil-Gagil islands","9° 34.596', 138° 10.172'",NA,NA,NA,NA,,75% ethanol,"Ron Clouse, Daniel Janies",,2002,11,25,NA,NA,NA,sandy bottom  w/ occasional Halimeda and sea grass,near mangroves,1,NA,meter,,,,Holothuroidea
3864,2,13352,Stichopodidae,Stichopus herrmanni,Stichopus,herrmanni,,982,ID#23,Clouse-2002-Chuuk,Pacific Ocean,Federated States of Micronesia,Caroline Islands,Chuuk Island,Lagoon near WWII wrecks,,NA,NA,NA,NA,,75% ethanol,"Ron Clouse, Daniel Janies",,2002,12,1,NA,NA,NA,,on sandy slope,40,NA,feet,,Alex Kerr det Id from photo.,,Holothuroidea
3870,2,13356,Holothuriidae,Holothuria,Holothuria,,,982,ID#20,Clouse-2002-Wanyan,Pacific Ocean,Federated States of Micronesia,Caroline Islands,Yap Island,Wanyan,,NA,NA,NA,NA,,75% ethanol,Ron Clouse,,2002,11,28,NA,NA,NA,on outer reef flat,"under exposed coral rubble, at low tide",NA,NA,,,,,Holothuroidea
3880,2,13351,Holothuriidae,Holothuria roseomaculata,Holothuria,roseomaculata,,982,ID#22,Clouse-2002-Weno,Pacific Ocean,Federated States of Micronesia,Caroline Islands,Chuuk Island,Weno,Weno,NA,NA,NA,NA,,75% ethanol,"Ron Clouse, Daniel Janies",,2002,11,29,NA,NA,NA,,washed up on beach at blue lagoon resort,3,NA,meters,,Alex Kerr det Id from photo.,,Holothuroidea
3881,2,13371,Holothuriidae,Actinopyga,Actinopyga,,,937,,Kerr-026,Pacific Ocean,Federated States of Micronesia,Caroline Islands,Yap Island,Yap,,NA,NA,NA,NA,,75% ethanol,,,NA,NA,NA,NA,NA,NA,seagrass flat,,NA,NA,,,"Yap box, no label with specimens",,Holothuroidea
3882,2,11292,Holothuriidae,Holothuria edulis,Holothuria,edulis,,937,AMK-GU-023,Kerr-027,Pacific Ocean,USA,Mariana Islands,Guam Island,Tumon Bay,Tumon Bay,NA,NA,NA,NA,denatured 95% ethanol,75% ethanol,Jim Pinson,,2011,8,25,0,0,0,,,10,NA,meters,,"gray form, subsample of tentacle; station info different than spreadsheet",,Holothuroidea
3979,2,13562,Stichopodidae,Stichopus horrens,Stichopus,horrens,cf.,973,BDJRS-2646,SAFA-000,Red Sea,Saudi Arabia,,,needs data do not put away,,NA,NA,NA,NA,80% ethanol,75% ethanol,,,2013,3,NA,NA,NA,NA,,,NA,NA,,,,,Holothuroidea
3980,2,13419,Holothuriidae,Holothuria atra,Holothuria,atra,,883,,Anker-Egypt-Dahab,,Egypt,,,Dahab,dahab,NA,NA,NA,NA,,75% ethanol,Arthur Anker,,2009,9,NA,0,0,NA,,,NA,NA,,,,,Holothuroidea
3982,2,13421,Holothuriidae,Bohadschia,Bohadschia,,,883,,Anker-Egypt-SomaBay,,Egypt,,,Soma Bay,Soma Bay,NA,NA,NA,NA,,75% ethanol,Arthur Anker,,2009,9,NA,0,0,NA,,,NA,NA,,,voucher is only a small piece,,Holothuroidea
4005,2,13681,Sclerodactylidae,Afrocucumis africana,Afrocucumis,africana,,NA,SS-894,SW44,,Singapore,,,"St John's Island, rocky shore",St. John Island,NA,NA,NA,NA,,75% ethanol,"Ria Tan, Shane Timothy Lum Ahyong, James Kenneth Lowry",Hand collection,2013,5,23,NA,NA,NA,rocky shore,,0,NA,meters,,,,Holothuroidea
4013,2,13688,Holothuriidae,Actinopyga lecanora,Actinopyga,lecanora,aff.,NA,SS-934,IT82,,Singapore,,,Beting Bemban Besar,Beting Bemban Besar,NA,NA,NA,NA,,75% ethanol,"Koh Kwan Siong, Gan Da, Daphne Gail Fautin, Ria Tan, Ren Yong, Ivan Kwan, Paul Ng, Toh Hii, Lay Peng",Hand collection,2013,5,26,NA,NA,NA,,,NA,NA,,,,,Holothuroidea
4020,2,13715,Holothuriidae,Holothuria leucospilota,Holothuria,leucospilota,,NA,NS-5086,IT95,,Singapore,,,Raffles Light House,,NA,NA,NA,NA,,75% ethanol,"Tan Chia Sing, Tay Teresa Stephanie, David John William Lane, Daphne Gail Fautin, Ria Tan, Arthur Anker, Nathaniel Evan, Sammy Benny Jacky De Grave, Kenny Chua Wei Jie, Zee, Niel B, Bee Yan",Hand collection,2013,5,28,NA,NA,NA,,,NA,NA,,,,,Holothuroidea
4031,2,13705,Synaptidae,Synaptidae,Synaptidae,,,NA,SS-4064,SD133,,Singapore,,,"Kusu Island, south",Kusu Island,NA,NA,NA,NA,,75% ethanol,"Tan Heok Hui, Zarina, Zeehan Jaafar, Debby Ng, Collin, Sammy Benny Jacky De Grave, Lin Chia-wei, Daisuke Uyeno, Mark Tan",Hand collection (scuba diving),2013,5,31,NA,NA,NA,,,11,NA,meters,,,,Holothuroidea
4035,2,13716,Cucumariidae,Colochirus quadrangularis,Colochirus,quadrangularis,,NA,NS-5087,SD145,,Singapore,,,"Pulau Hantu, west",Pulau Hantu,NA,NA,NA,NA,,75% ethanol,"Tan Heok Hui, Debby, Zarina, Zeehan Jaafar, Collin, Mark Tan, Sammy Benny Jacky De Grave, Lin Chia-wei, Daisuke Uyeno, Charles Garrette Messing",Hand collection (scuba diving),2013,6,1,NA,NA,NA,,,11.7,NA,meters,,,,Holothuroidea
4039,2,13951,Holothuriidae,Actinopyga varians,Actinopyga,varians,,936,MARQ-0248,MQ000,,French Polynesia,Marquesas Islands,,Marquesas,,NA,NA,NA,NA,,75% ethanol,"Nathaniel Evans, Serge Andrefouet, Francesca Benzoni, Jean-Louis Menou, Marco Olivirio, Claude Payri",hand collected,2012,11,21,0,0,19,,,1,45,meters,,has the MARQ-0248 field label inside but does not match the data for that number (Cerianthidae); previously miscataloged as Cnidaria 7843,,Holothuroidea
4040,2,13966,Synaptidae,Leptosynapta,Leptosynapta,,,1003,,Moore-CA-01,Pacific Ocean,USA,California,,"San Diego, Fiesta Island","Fiesta Island, San Diego",NA,NA,NA,NA,75% ethanol,75% ethanol,"Jenna Moore, Kelly Dorgan",,2013,3,NA,0,0,NA,,in sand,NA,NA,,,one whole animal as DNA,,Holothuroidea
4041,2,14009,Holothuriidae,Labidodemas rugosum,Labidodemas,rugosum,,963,UGI-2383,UGI-1966-08-14,,Palau,Peleliu Island,,Bloody Beach,Bloody beach Peleliu,NA,NA,NA,NA,,dry,,,1966,8,14,NA,NA,NA,,"under rocks, sandy substrate",NA,NA,,,,,Holothuroidea
4042,2,14007,Holothuriidae,Holothuria roseomaculata,Holothuria,roseomaculata,,963,UGI-2408,UGI-1977-07-09,,USA,Mariana Island,,"Yap, Tomil Harbor",Chamorro Bay,NA,NA,NA,NA,,75% ethanol,D. A. Grosenbaugh,,1977,7,9,NA,NA,NA,on a patch reef,,2,NA,meters,,,,Holothuroidea
4043,2,14005,Holothuriidae,Holothuria atra,Holothuria,atra,,963,UGI-3061,UGI-1978-03-24,,Micronesia,Yap State,,Ulithi Atoll,Ulithi Atoll,NA,NA,NA,NA,,75% ethanol,Barry Smith,,1978,3,24,NA,NA,NA,on reef flat,,NA,NA,,,,,Holothuroidea
4045,2,14013,Holothuriidae,Bohadschia ocellata,Bohadschia,ocellata,cf.,NA,,ZZZ-094679,Pacific Ocean,Philippines,Visayan Islands,,Binabayanas,,NA,NA,NA,NA,,95% ethanol,M. F. J. Nievales,,2013,NA,NA,0,NA,NA,,,NA,NA,,,,,Holothuroidea
